3ount,O3,O5,O4,W24,W25,W13,W15,W14,W23,W46,W56,W36,Err1,Err3,Err2,Err5,Err4,Err6,O6
1,0.73105858,0.99330715,0.01798621,-3.02805392,0.47737314,-3.04461163,3.98868657,1.98597304,1.91077673,0.67959447,0.37308326,-0.62939316,0.00000000,-0.00446116,0.00000000,-0.00113134,-0.00140270,-0.11345098,0.83872377
2,0.68502063,0.99292040,0.01678842,-3.05539065,0.47098214,-2.87914228,3.98549107,1.97230468,2.24171544,0.65913852,-0.83674641,-1.46406055,0.00000000,0.01654694,0.00000000,-0.00031955,-0.00136684,-0.12184558,0.48767849
3,0.83261692,0.99280720,0.01569681,-3.05777956,0.47238380,-2.85521082,3.98619190,1.97111022,2.28957836,0.65729747,-0.95319073,-1.56171649,0.00000000,0.00239315,0.00000000,0.00007008,-0.00011945,-0.01172880,0.11512957
4,0.84863640,0.99283218,0.01560480,-3.05940818,0.47347794,-2.83903201,3.98673897,1.97029591,2.32193599,0.65603895,-1.03326209,-1.63015854,0.00000000,0.00161788,0.00000000,0.00005471,-0.00008143,-0.00806494,0.09436801
5,0.85873708,0.99285162,0.01554238,-3.06064722,0.47438314,-2.82682727,3.98719157,1.96967639,2.34634547,0.65507971,-1.09453868,-1.68315788,0.00000000,0.00122047,0.00000000,0.00004526,-0.00006195,-0.00617178,0.08199406
6,0.86597894,0.99286766,0.01549505,-3.06164752,0.47515899,-2.81705038,3.98757949,1.96917624,2.36589923,0.65430420,-1.14423069,-1.72649924,0.00000000,0.00097769,0.00000000,0.00003879,-0.00005002,-0.00500490,0.07349781
7,0.87155163,0.99288138,0.01545695,-3.06248611,0.47584010,-2.80891143,3.98792005,1.96875695,2.38217715,0.65365331,-1.18604049,-1.76319989,0.00000000,0.00081390,0.00000000,0.00003406,-0.00004193,-0.00421096,0.06718825
8,0.87603892,0.99289341,0.01542508,-3.06320780,0.47644850,-2.80195149,3.98822425,1.96839610,2.39609702,0.65309262,-1.22213137,-1.79504321,0.00000000,0.00069599,0.00000000,0.00003042,-0.00003608,-0.00363492,0.06225957
9,0.87976880,0.99290413,0.01539770,-3.06384100,0.47699916,-2.79588020,3.98849958,1.96807950,2.40823960,0.65260027,-1.25388021,-1.82317446,0.00000000,0.00060713,0.00000000,0.00002753,-0.00003166,-0.00319757,0.05827028
10,0.88294293,0.99291382,0.01537372,-3.06440488,0.47750274,-2.79050217,3.98875137,1.96779756,2.41899565,0.65216149,-1.28221864,-1.84837425,0.00000000,0.00053780,0.00000000,0.00002518,-0.00002819,-0.00285407,0.05495483
11,0.88569366,0.99292268,0.01535240,-3.06491301,0.47796715,-2.78567970,3.98898358,1.96754350,2.42864059,0.65176585,-1.30780693,-1.87119917,0.00000000,0.00048225,0.00000000,0.00002322,-0.00002541,-0.00257707,0.05214244
12,0.88811220,0.99293083,0.01533321,-3.06537530,0.47839841,-2.78131212,3.98919920,1.96731235,2.43737576,0.65140569,-1.33113022,-1.89206034,0.00000000,0.00043676,0.00000000,0.00002156,-0.00002311,-0.00234893,0.04971747
13,0.89026389,0.99293839,0.01531577,-3.06579926,0.47880120,-2.77732362,3.98940060,1.96710037,2.44535275,0.65107521,-1.35255557,-1.91127021,0.00000000,0.00039885,0.00000000,0.00002014,-0.00002120,-0.00215777,0.04759845
14,0.89219704,0.99294545,0.01529979,-3.06619068,0.47917928,-2.77365575,3.98958964,1.96690466,2.45268850,0.65076993,-1.37236747,-1.92907192,0.00000000,0.00036679,0.00000000,0.00001890,-0.00001957,-0.00199527,0.04572607
15,0.89394830,0.99295207,0.01528505,-3.06655416,0.47953567,-2.77026247,3.98976784,1.96672292,2.45947507,0.65048633,-1.39079089,-1.94565840,0.00000000,0.00033933,0.00000000,0.00001782,-0.00001817,-0.00185542,0.04405596
16,0.89554608,0.99295830,0.01527138,-3.06689336,0.47987288,-2.76710689,3.98993644,1.96655332,2.46578622,0.65022156,-1.40800681,-1.96118539,0.00000000,0.00031556,0.00000000,0.00001686,-0.00001696,-0.00173380,0.04255421
17,0.89701281,0.99296419,0.01525864,-3.06721130,0.48019298,-2.76415903,3.99009649,1.96639435,2.47168193,0.64997329,-1.42416302,-1.97578040,0.00000000,0.00029479,0.00000000,0.00001601,-0.00001590,-0.00162707,0.04119435
18,0.89836649,0.99296978,0.01524670,-3.06751044,0.48049773,-2.76139418,3.99024886,1.96624478,2.47721163,0.64973961,-1.43938176,-1.98954920,0.00000000,0.00027649,0.00000000,0.00001524,-0.00001496,-0.00153265,0.03995540
19,0.89962177,0.99297510,0.01523547,-3.06779285,0.48078861,-2.75879174,3.99039430,1.96610358,2.48241651,0.64951892,-1.45376527,-2.00258046,0.00000000,0.00026024,0.00000000,0.00001454,-0.00001412,-0.00144853,0.03882049
20,0.90079071,0.99298017,0.01522488,-3.06806028,0.48106690,-2.75633437,3.99053345,1.96596986,2.48733126,0.64930987,-1.46739997,-2.01494930,0.00000000,0.00024574,0.00000000,0.00001391,-0.00001337,-0.00137311,0.03777586
21,0.90188335,0.99298502,0.01521486,-3.06831423,0.48133370,-2.75400732,3.99066685,1.96584289,2.49198535,0.64911130,-1.48035953,-2.02671988,0.00000000,0.00023270,0.00000000,0.00001334,-0.00001270,-0.00130511,0.03681017
22,0.90290815,0.99298966,0.01520535,-3.06855596,0.48158999,-2.75179798,3.99079499,1.96572202,2.49640404,0.64892222,-1.49270728,-2.03794748,0.00000000,0.00022093,0.00000000,0.00001281,-0.00001209,-0.00124349,0.03591399
23,0.90387226,0.99299412,0.01519631,-3.06878658,0.48183660,-2.74969544,3.99091830,1.96560671,2.50060912,0.64874178,-1.50449804,-2.04868001,0.00000000,0.00021025,0.00000000,0.00001233,-0.00001153,-0.00118740,0.03507937
24,0.90478181,0.99299841,0.01518768,-3.06900706,0.48207427,-2.74769024,3.99103714,1.96549647,2.50461952,0.64856923,-1.51577961,-2.05895934,0.00000000,0.00020052,0.00000000,0.00001188,-0.00001102,-0.00113611,0.03429961
25,0.90564207,0.99300254,0.01517944,-3.06921824,0.48230368,-2.74577409,3.99115184,1.96539088,2.50845182,0.64840392,-1.52659387,-2.06882220,0.00000000,0.00019161,0.00000000,0.00001147,-0.00001056,-0.00108905,0.03356896
26,0.90645761,0.99300652,0.01517155,-3.06942086,0.48252540,-2.74393972,3.99126270,1.96528957,2.51212057,0.64824527,-1.53697777,-2.07830106,0.00000000,0.00018344,0.00000000,0.00001109,-0.00001013,-0.00104570,0.03288248
27,0.90723242,0.99301037,0.01516398,-3.06961557,0.48273996,-2.74218069,3.99136998,1.96519222,2.51563863,0.64809277,-1.54696404,-2.08742470,0.00000000,0.00017590,0.00000000,0.00001073,-0.00000974,-0.00100566,0.03223592
28,0.90796999,0.99301409,0.01515671,-3.06980297,0.48294784,-2.74049129,3.99147392,1.96509852,2.51901742,0.64794597,-1.55658183,-2.09621880,0.00000000,0.00016894,0.00000000,0.00001039,-0.00000937,-0.00096855,0.03162556
29,0.90867339,0.99301770,0.01514972,-3.06998357,0.48314946,-2.73886643,3.99157473,1.96500822,2.52226714,0.64780446,-1.56585719,-2.10470634,0.00000000,0.00016249,0.00000000,0.00001008,-0.00000903,-0.00093406,0.03104816
30,0.90934536,0.99302119,0.01514299,-3.07015784,0.48334521,-2.73730155,3.99167260,1.96492108,2.52539690,0.64766789,-1.57481352,-2.11290797,0.00000000,0.00015649,0.00000000,0.00000979,-0.00000871,-0.00090193,0.03050086
31,0.90998831,0.99302458,0.01513649,-3.07032621,0.48353543,-2.73579254,3.99176772,1.96483690,2.52841492,0.64753591,-1.58347191,-2.12084234,0.00000000,0.00015090,0.00000000,0.00000951,-0.00000842,-0.00087192,0.02998115
32,0.91060442,0.99302787,0.01513022,-3.07048905,0.48372045,-2.73433570,3.99186023,1.96475547,2.53132859,0.64740823,-1.59185140,-2.12852632,0.00000000,0.00014568,0.00000000,0.00000925,-0.00000814,-0.00084383,0.02948679
33,0.91119561,0.99303108,0.01512415,-3.07064672,0.48390056,-2.73292769,3.99195028,1.96467664,2.53414462,0.64728460,-1.59996930,-2.13597523,0.00000000,0.00014080,0.00000000,0.00000901,-0.00000788,-0.00081749,0.02901578
34,0.91176363,0.99303419,0.01511828,-3.07079952,0.48407603,-2.73156547,3.99203802,1.96460024,2.53686907,0.64716475,-1.60784134,-2.14320301,0.00000000,0.00013622,0.00000000,0.00000877,-0.00000764,-0.00079273,0.02856637
35,0.91231006,0.99303723,0.01511260,-3.07094775,0.48424711,-2.73024625,3.99212355,1.96452612,2.53950749,0.64704847,-1.61548188,-2.15022243,0.00000000,0.00013192,0.00000000,0.00000855,-0.00000741,-0.00076941,0.02813694
36,0.91283631,0.99304018,0.01510708,-3.07109166,0.48441401,-2.72896753,3.99220700,1.96445417,2.54206494,0.64693556,-1.62290407,-2.15704516,0.00000000,0.00012787,0.00000000,0.00000835,-0.00000720,-0.00074742,0.02772607
37,0.91334368,0.99304306,0.01510173,-3.07123150,0.48457695,-2.72772698,3.99228847,1.96438425,2.54454605,0.64682582,-1.63011996,-2.16368192,0.00000000,0.00012406,0.00000000,0.00000815,-0.00000699,-0.00072664,0.02733246
38,0.91383336,0.99304588,0.01509653,-3.07136749,0.48473612,-2.72652247,3.99236806,1.96431625,2.54695506,0.64671909,-1.63714064,-2.17014258,0.00000000,0.00012045,0.00000000,0.00000796,-0.00000680,-0.00070698,0.02695494
39,0.91430640,0.99304863,0.01509148,-3.07149983,0.48489171,-2.72535205,3.99244585,1.96425009,2.54929589,0.64661521,-1.64397632,-2.17643624,0.00000000,0.00011704,0.00000000,0.00000778,-0.00000662,-0.00068835,0.02659245
40,0.91476380,0.99305131,0.01508656,-3.07162871,0.48504387,-2.72421393,3.99252194,1.96418565,2.55157214,0.64651403,-1.65063645,-2.18257131,0.00000000,0.00011381,0.00000000,0.00000761,-0.00000644,-0.00067067,0.02624402
41,0.91520646,0.99305394,0.01508177,-3.07175430,0.48519277,-2.72310643,3.99259638,1.96412285,2.55378714,0.64641541,-1.65712975,-2.18855559,0.00000000,0.00011075,0.00000000,0.00000744,-0.00000628,-0.00065387,0.02590876
42,0.91563520,0.99305650,0.01507711,-3.07187676,0.48533854,-2.72202802,3.99266927,1.96406162,2.55594396,0.64631924,-1.66346434,-2.19439631,0.00000000,0.00010784,0.00000000,0.00000729,-0.00000612,-0.00063789,0.02558588
43,0.91605080,0.99305901,0.01507256,-3.07199625,0.48548133,-2.72097726,3.99274067,1.96400188,2.55804548,0.64622539,-1.66964773,-2.20010020,0.00000000,0.00010508,0.00000000,0.00000714,-0.00000597,-0.00062266,0.02527462
44,0.91645394,0.99306147,0.01506813,-3.07211290,0.48562126,-2.71995283,3.99281063,1.96394355,2.56009434,0.64613375,-1.67568692,-2.20567352,0.00000000,0.00010244,0.00000000,0.00000700,-0.00000583,-0.00060814,0.02497431
45,0.91684529,0.99306388,0.01506380,-3.07222684,0.48575844,-2.71895349,3.99287922,1.96388658,2.56209302,0.64604423,-1.68158846,-2.21112211,0.00000000,0.00009993,0.00000000,0.00000686,-0.00000570,-0.00059428,0.02468434
46,0.91722544,0.99306625,0.01505958,-3.07233819,0.48589300,-2.71797810,3.99294650,1.96383090,2.56404381,0.64595673,-1.68735844,-2.21645143,0.00000000,0.00009754,0.00000000,0.00000673,-0.00000557,-0.00058103,0.02440411
47,0.91759496,0.99306856,0.01505545,-3.07244707,0.48602502,-2.71702556,3.99301251,1.96377646,2.56594887,0.64587116,-1.69300255,-2.22166659,0.00000000,0.00009525,0.00000000,0.00000660,-0.00000544,-0.00056835,0.02413309
48,0.91795437,0.99307083,0.01505141,-3.07255359,0.48615462,-2.71609489,3.99307731,1.96372321,2.56781022,0.64578744,-1.69852615,-2.22677238,0.00000000,0.00009307,0.00000000,0.00000648,-0.00000533,-0.00055621,0.02387081
49,0.91830416,0.99307306,0.01504746,-3.07265783,0.48628187,-2.71518514,3.99314094,1.96367108,2.56962973,0.64570550,-1.70393423,-2.23177328,0.00000000,0.00009098,0.00000000,0.00000636,-0.00000521,-0.00054458,0.02361679
50,0.91864477,0.99307525,0.01504360,-3.07275991,0.48640688,-2.71429542,3.99320344,1.96362005,2.57140917,0.64562525,-1.70923150,-2.23667352,0.00000000,0.00008897,0.00000000,0.00000625,-0.00000510,-0.00053342,0.02337061
51,0.91897662,0.99307740,0.01503982,-3.07285989,0.48652972,-2.71342490,3.99326486,1.96357006,2.57315019,0.64554664,-1.71442238,-2.24147707,0.00000000,0.00008705,0.00000000,0.00000614,-0.00000500,-0.00052271,0.02313188
52,0.91930011,0.99307951,0.01503612,-3.07295787,0.48665047,-2.71257282,3.99332524,1.96352107,2.57485437,0.64546959,-1.71951103,-2.24618767,0.00000000,0.00008521,0.00000000,0.00000604,-0.00000490,-0.00051241,0.02290024
53,0.91961562,0.99308159,0.01503249,-3.07305392,0.48676921,-2.71173842,3.99338460,1.96347304,2.57652315,0.64539405,-1.72450139,-2.25080885,0.00000000,0.00008344,0.00000000,0.00000594,-0.00000480,-0.00050251,0.02267534
54,0.91992348,0.99308362,0.01502894,-3.07314812,0.48688599,-2.71092103,3.99344300,1.96342594,2.57815793,0.64531996,-1.72939714,-2.25534394,0.00000000,0.00008174,0.00000000,0.00000584,-0.00000471,-0.00049299,0.02245686
55,0.92022403,0.99308563,0.01502545,-3.07324053,0.48700090,-2.71012000,3.99350045,1.96337973,2.57976001,0.64524727,-1.73420180,-2.25979608,0.00000000,0.00008010,0.00000000,0.00000575,-0.00000462,-0.00048381,0.02224450
56,0.92051756,0.99308760,0.01502203,-3.07333122,0.48711399,-2.70933469,3.99355699,1.96333439,2.58133062,0.64517592,-1.73891866,-2.26416826,0.00000000,0.00007853,0.00000000,0.00000565,-0.00000453,-0.00047497,0.02203798
57,0.92080437,0.99308954,0.01501868,-3.07342026,0.48722531,-2.70856454,3.99361266,1.96328987,2.58287092,0.64510586,-1.74355086,-2.26846329,0.00000000,0.00007702,0.00000000,0.00000557,-0.00000445,-0.00046644,0.02183705
58,0.92108473,0.99309145,0.01501539,-3.07350770,0.48733494,-2.70780899,3.99366747,1.96324615,2.58438202,0.64503706,-1.74810137,-2.27268385,0.00000000,0.00007555,0.00000000,0.00000548,-0.00000437,-0.00045822,0.02164145
59,0.92135889,0.99309333,0.01501215,-3.07359359,0.48744292,-2.70706752,3.99372146,1.96320320,2.58586496,0.64496946,-1.75257300,-2.27683248,0.00000000,0.00007415,0.00000000,0.00000540,-0.00000429,-0.00045027,0.02145095
60,0.92162709,0.99309518,0.01500898,-3.07367800,0.48754930,-2.70633964,3.99377465,1.96316100,2.58732073,0.64490304,-1.75696842,-2.28091159,0.00000000,0.00007279,0.00000000,0.00000532,-0.00000422,-0.00044260,0.02126534
61,0.92188957,0.99309701,0.01500586,-3.07376096,0.48765413,-2.70562487,3.99382706,1.96311952,2.58875026,0.64483773,-1.76129017,-2.28492346,0.00000000,0.00007148,0.00000000,0.00000524,-0.00000415,-0.00043518,0.02108441
62,0.92214653,0.99309880,0.01500279,-3.07384253,0.48775746,-2.70492277,3.99387873,1.96307873,2.59015446,0.64477352,-1.76554067,-2.28887028,0.00000000,0.00007021,0.00000000,0.00000517,-0.00000408,-0.00042800,0.02090797
63,0.92239818,0.99310057,0.01499978,-3.07392275,0.48785933,-2.70423292,3.99392966,1.96303862,2.59153416,0.64471036,-1.76972221,-2.29275412,0.00000000,0.00006899,0.00000000,0.00000509,-0.00000401,-0.00042106,0.02073584
64,0.92264472,0.99310232,0.01499682,-3.07400167,0.48795979,-2.70355492,3.99397989,1.96299916,2.59289017,0.64464823,-1.77383699,-2.29657697,0.00000000,0.00006780,0.00000000,0.00000502,-0.00000395,-0.00041434,0.02056784
65,0.92288632,0.99310404,0.01499390,-3.07407933,0.48805887,-2.70288837,3.99402944,1.96296034,2.59422326,0.64458708,-1.77788708,-2.30034069,0.00000000,0.00006665,0.00000000,0.00000495,-0.00000388,-0.00040782,0.02040382
66,0.92312317,0.99310573,0.01499104,-3.07415576,0.48815662,-2.70223292,3.99407831,1.96292212,2.59553417,0.64452689,-1.78187448,-2.30404711,0.00000000,0.00006555,0.00000000,0.00000489,-0.00000382,-0.00040151,0.02024361
67,0.92335543,0.99310741,0.01498821,-3.07423101,0.48825307,-2.70158821,3.99412654,1.96288450,2.59682358,0.64446763,-1.78580108,-2.30769792,0.00000000,0.00006447,0.00000000,0.00000482,-0.00000376,-0.00039539,0.02008708
68,0.92358325,0.99310906,0.01498544,-3.07430510,0.48834826,-2.70095391,3.99417413,1.96284745,2.59809217,0.64440927,-1.78966871,-2.31129479,0.00000000,0.00006343,0.00000000,0.00000476,-0.00000370,-0.00038945,0.01993409
69,0.92380678,0.99311069,0.01498270,-3.07437808,0.48844222,-2.70032971,3.99422111,1.96281096,2.59934058,0.64435178,-1.79347910,-2.31483927,0.00000000,0.00006242,0.00000000,0.00000470,-0.00000365,-0.00038368,0.01978449
70,0.92402617,0.99311229,0.01498001,-3.07444998,0.48853499,-2.69971530,3.99426749,1.96277501,2.60056940,0.64429514,-1.79723390,-2.31833287,0.00000000,0.00006144,0.00000000,0.00000464,-0.00000359,-0.00037808,0.01963819
71,0.92424155,0.99311388,0.01497736,-3.07452082,0.48862659,-2.69911039,3.99431329,1.96273959,2.60177921,0.64423933,-1.80093472,-2.32177703,0.00000000,0.00006049,0.00000000,0.00000458,-0.00000354,-0.00037265,0.01949504
72,0.92445306,0.99311545,0.01497475,-3.07459064,0.48871706,-2.69851471,3.99435853,1.96270468,2.60297059,0.64418432,-1.80458306,-2.32517313,0.00000000,0.00005957,0.00000000,0.00000452,-0.00000349,-0.00036736,0.01935494
73,0.92466081,0.99311699,0.01497217,-3.07465947,0.48880642,-2.69792798,3.99440321,1.96267027,2.60414405,0.64413008,-1.80818039,-2.32852249,0.00000000,0.00005867,0.00000000,0.00000447,-0.00000344,-0.00036223,0.01921780
74,0.92486492,0.99311852,0.01496963,-3.07472733,0.48889471,-2.69734995,3.99444736,1.96263634,2.60530011,0.64407661,-1.81172810,-2.33182639,0.00000000,0.00005780,0.00000000,0.00000441,-0.00000339,-0.00035723,0.01908349
75,0.92506551,0.99312003,0.01496713,-3.07479425,0.48898195,-2.69678038,3.99449097,1.96260288,2.60643925,0.64402387,-1.81522754,-2.33508603,0.00000000,0.00005696,0.00000000,0.00000436,-0.00000335,-0.00035237,0.01895193
76,0.92526268,0.99312152,0.01496467,-3.07486025,0.48906816,-2.69621903,3.99453408,1.96256987,2.60756194,0.64397185,-1.81868000,-2.33830259,0.00000000,0.00005613,0.00000000,0.00000431,-0.00000330,-0.00034764,0.01882303
77,0.92545654,0.99312299,0.01496223,-3.07492537,0.48915338,-2.69566568,3.99457669,1.96253732,2.60866864,0.64392052,-1.82208672,-2.34147718,0.00000000,0.00005533,0.00000000,0.00000426,-0.00000326,-0.00034303,0.01869669
78,0.92564718,0.99312444,0.01495984,-3.07498961,0.48923762,-2.69512011,3.99461881,1.96250519,2.60975977,0.64386988,-1.82544888,-2.34461090,0.00000000,0.00005456,0.00000000,0.00000421,-0.00000321,-0.00033854,0.01857284
79,0.92583471,0.99312588,0.01495747,-3.07505302,0.48932091,-2.69458212,3.99466046,1.96247349,2.61083575,0.64381989,-1.82876763,-2.34770478,0.00000000,0.00005380,0.00000000,0.00000416,-0.00000317,-0.00033417,0.01845139
80,0.92601920,0.99312730,0.01495513,-3.07511560,0.48940327,-2.69405151,3.99470164,1.96244220,2.61189698,0.64377055,-1.83204406,-2.35075982,0.00000000,0.00005306,0.00000000,0.00000412,-0.00000313,-0.00032991,0.01833226
81,0.92620075,0.99312871,0.01495283,-3.07517737,0.48948472,-2.69352808,3.99474236,1.96241131,2.61294384,0.64372184,-1.83527924,-2.35377698,0.00000000,0.00005234,0.00000000,0.00000407,-0.00000309,-0.00032576,0.01821539
82,0.92637944,0.99313010,0.01495055,-3.07523837,0.48956529,-2.69301165,3.99478264,1.96238081,2.61397670,0.64367375,-1.83847420,-2.35675719,0.00000000,0.00005164,0.00000000,0.00000403,-0.00000305,-0.00032171,0.01810071
83,0.92655535,0.99313147,0.01494831,-3.07529860,0.48964499,-2.69250204,3.99482249,1.96235070,2.61499592,0.64362625,-1.84162990,-2.35970135,0.00000000,0.00005096,0.00000000,0.00000398,-0.00000301,-0.00031775,0.01798814
84,0.92672856,0.99313283,0.01494609,-3.07535809,0.48972384,-2.69199909,3.99486192,1.96232095,2.61600183,0.64357933,-1.84474730,-2.36261031,0.00000000,0.00005030,0.00000000,0.00000394,-0.00000297,-0.00031390,0.01787762
85,0.92689914,0.99313418,0.01494390,-3.07541686,0.48980186,-2.69150262,3.99490093,1.96229157,2.61699476,0.64353299,-1.84782731,-2.36548490,0.00000000,0.00004965,0.00000000,0.00000390,-0.00000294,-0.00031013,0.01776910
86,0.92706715,0.99313551,0.01494174,-3.07547491,0.48987907,-2.69101248,3.99493953,1.96226255,2.61797504,0.64348720,-1.85087081,-2.36832594,0.00000000,0.00004901,0.00000000,0.00000386,-0.00000290,-0.00030645,0.01766251
87,0.92723268,0.99313682,0.01493960,-3.07553227,0.48995548,-2.69052851,3.99497774,1.96223386,2.61894297,0.64344195,-1.85387866,-2.37113419,0.00000000,0.00004840,0.00000000,0.00000382,-0.00000287,-0.00030286,0.01755779
88,0.92739578,0.99313812,0.01493749,-3.07558896,0.49003112,-2.69005058,3.99501556,1.96220552,2.61989885,0.64339724,-1.85685167,-2.37391040,0.00000000,0.00004779,0.00000000,0.00000378,-0.00000283,-0.00029936,0.01745490
89,0.92755652,0.99313941,0.01493541,-3.07564498,0.49010600,-2.68957853,3.99505300,1.96217751,2.62084295,0.64335304,-1.85979064,-2.37665529,0.00000000,0.00004721,0.00000000,0.00000374,-0.00000280,-0.00029593,0.01735377
90,0.92771496,0.99314069,0.01493335,-3.07570036,0.49018014,-2.68911222,3.99509007,1.96214982,2.62177555,0.64330935,-1.86269634,-2.37936956,0.00000000,0.00004663,0.00000000,0.00000371,-0.00000277,-0.00029258,0.01725437
91,0.92787116,0.99314195,0.01493131,-3.07575511,0.49025355,-2.68865153,3.99512677,1.96212245,2.62269693,0.64326615,-1.86556950,-2.38205389,0.00000000,0.00004607,0.00000000,0.00000367,-0.00000274,-0.00028930,0.01715663
92,0.92802517,0.99314320,0.01492930,-3.07580924,0.49032624,-2.68819633,3.99516312,1.96209538,2.62360733,0.64322344,-1.86841084,-2.38470894,0.00000000,0.00004552,0.00000000,0.00000363,-0.00000271,-0.00028610,0.01706053
93,0.92817704,0.99314444,0.01492731,-3.07586276,0.49039823,-2.68774649,3.99519911,1.96206862,2.62450701,0.64318120,-1.87122106,-2.38733532,0.00000000,0.00004498,0.00000000,0.00000360,-0.00000268,-0.00028296,0.01696600
94,0.92832684,0.99314566,0.01492534,-3.07591570,0.49046954,-2.68730190,3.99523477,1.96204215,2.62539620,0.64313942,-1.87400082,-2.38993366,0.00000000,0.00004446,0.00000000,0.00000357,-0.00000265,-0.00027989,0.01687301
95,0.92847461,0.99314688,0.01492340,-3.07596806,0.49054017,-2.68686243,3.99527008,1.96201597,2.62627514,0.64309810,-1.87675078,-2.39250455,0.00000000,0.00004395,0.00000000,0.00000353,-0.00000262,-0.00027689,0.01678152
96,0.92862040,0.99314808,0.01492147,-3.07601985,0.49061014,-2.68642797,3.99530507,1.96199008,2.62714405,0.64305722,-1.87947156,-2.39504855,0.00000000,0.00004345,0.00000000,0.00000350,-0.00000259,-0.00027396,0.01669149
97,0.92876425,0.99314927,0.01491957,-3.07607109,0.49067947,-2.68599842,3.99533974,1.96196446,2.62800315,0.64301678,-1.88216378,-2.39756624,0.00000000,0.00004295,0.00000000,0.00000347,-0.00000256,-0.00027108,0.01660288
98,0.92890622,0.99315045,0.01491769,-3.07612179,0.49074817,-2.68557367,3.99537408,1.96193911,2.62885265,0.64297676,-1.88482802,-2.40005813,0.00000000,0.00004247,0.00000000,0.00000343,-0.00000253,-0.00026826,0.01651564
99,0.92904634,0.99315161,0.01491582,-3.07617195,0.49081624,-2.68515362,3.99540812,1.96191402,2.62969275,0.64293716,-1.88746486,-2.40252477,0.00000000,0.00004201,0.00000000,0.00000340,-0.00000251,-0.00026550,0.01642976
100,0.92918466,0.99315277,0.01491398,-3.07622160,0.49088370,-2.68473817,3.99544185,1.96188920,2.63052365,0.64289797,-1.89007485,-2.40496665,0.00000000,0.00004155,0.00000000,0.00000337,-0.00000248,-0.00026280,0.01634519
101,0.92932122,0.99315392,0.01491216,-3.07627074,0.49095057,-2.68432723,3.99547528,1.96186463,2.63134555,0.64285917,-1.89265853,-2.40738427,0.00000000,0.00004109,0.00000000,0.00000334,-0.00000246,-0.00026015,0.01626190
102,0.92945607,0.99315506,0.01491035,-3.07631937,0.49101684,-2.68392069,3.99550842,1.96184031,2.63215862,0.64282077,-1.89521642,-2.40977811,0.00000000,0.00004065,0.00000000,0.00000331,-0.00000243,-0.00025755,0.01617986
103,0.92958923,0.99315618,0.01490857,-3.07636752,0.49108254,-2.68351847,3.99554127,1.96181624,2.63296305,0.64278275,-1.89774903,-2.41214862,0.00000000,0.00004022,0.00000000,0.00000328,-0.00000241,-0.00025501,0.01609903
104,0.92972075,0.99315730,0.01490680,-3.07641519,0.49114767,-2.68312049,3.99557384,1.96179240,2.63375901,0.64274511,-1.90025685,-2.41449625,0.00000000,0.00003980,0.00000000,0.00000326,-0.00000238,-0.00025251,0.01601939
105,0.92985066,0.99315840,0.01490505,-3.07646239,0.49121225,-2.68272666,3.99560612,1.96176881,2.63454668,0.64270784,-1.90274036,-2.41682146,0.00000000,0.00003938,0.00000000,0.00000323,-0.00000236,-0.00025006,0.01594092
106,0.92997899,0.99315950,0.01490332,-3.07650913,0.49127628,-2.68233690,3.99563814,1.96174544,2.63532621,0.64267093,-1.90520003,-2.41912465,0.00000000,0.00003898,0.00000000,0.00000320,-0.00000234,-0.00024766,0.01586357
107,0.93010579,0.99316059,0.01490160,-3.07655541,0.49133977,-2.68195112,3.99566988,1.96172229,2.63609776,0.64263438,-1.90763630,-2.42140624,0.00000000,0.00003858,0.00000000,0.00000317,-0.00000231,-0.00024530,0.01578733
108,0.93023108,0.99316167,0.01489990,-3.07660125,0.49140273,-2.68156925,3.99570137,1.96169937,2.63686150,0.64259817,-1.91004962,-2.42366664,0.00000000,0.00003819,0.00000000,0.00000315,-0.00000229,-0.00024299,0.01571216
109,0.93035490,0.99316274,0.01489822,-3.07664666,0.49146518,-2.68119121,3.99573259,1.96167667,2.63761757,0.64256231,-1.91244040,-2.42590623,0.00000000,0.00003780,0.00000000,0.00000312,-0.00000227,-0.00024072,0.01563805
110,0.93047727,0.99316380,0.01489656,-3.07669164,0.49152711,-2.68081694,3.99576356,1.96165418,2.63836612,0.64252678,-1.91480907,-2.42812540,0.00000000,0.00003743,0.00000000,0.00000310,-0.00000225,-0.00023850,0.01556497
111,0.93059823,0.99316485,0.01489491,-3.07673619,0.49158855,-2.68044635,3.99579427,1.96163190,2.63910729,0.64249158,-1.91715603,-2.43032450,0.00000000,0.00003706,0.00000000,0.00000307,-0.00000223,-0.00023631,0.01549289
112,0.93071781,0.99316589,0.01489327,-3.07678034,0.49164949,-2.68007939,3.99582474,1.96160983,2.63984122,0.64245671,-1.91948166,-2.43250391,0.00000000,0.00003670,0.00000000,0.00000305,-0.00000221,-0.00023416,0.01542180
113,0.93083603,0.99316692,0.01489165,-3.07682408,0.49170994,-2.67971598,3.99585497,1.96158796,2.64056804,0.64242215,-1.92178636,-2.43466396,0.00000000,0.00003634,0.00000000,0.00000302,-0.00000219,-0.00023206,0.01535166
114,0.93095292,0.99316795,0.01489005,-3.07686742,0.49176992,-2.67935605,3.99588496,1.96156629,2.64128789,0.64238790,-1.92407050,-2.43680501,0.00000000,0.00003599,0.00000000,0.00000300,-0.00000217,-0.00022998,0.01528247
115,0.93106851,0.99316897,0.01488846,-3.07691038,0.49182944,-2.67899955,3.99591472,1.96154481,2.64200089,0.64235397,-1.92633442,-2.43892738,0.00000000,0.00003565,0.00000000,0.00000298,-0.00000215,-0.00022795,0.01521419
116,0.93118282,0.99316998,0.01488688,-3.07695295,0.49188849,-2.67864642,3.99594424,1.96152353,2.64270717,0.64232033,-1.92857850,-2.44103140,0.00000000,0.00003531,0.00000000,0.00000295,-0.00000213,-0.00022595,0.01514682
117,0.93129588,0.99317098,0.01488532,-3.07699514,0.49194708,-2.67829658,3.99597354,1.96150243,2.64340684,0.64228699,-1.93080307,-2.44311738,0.00000000,0.00003498,0.00000000,0.00000293,-0.00000211,-0.00022399,0.01508032
118,0.93140772,0.99317197,0.01488378,-3.07703697,0.49200523,-2.67794998,3.99600262,1.96148152,2.64410003,0.64225394,-1.93300847,-2.44518562,0.00000000,0.00003466,0.00000000,0.00000291,-0.00000209,-0.00022206,0.01501468
119,0.93151835,0.99317296,0.01488224,-3.07707843,0.49206294,-2.67760658,3.99603147,1.96146079,2.64478685,0.64222117,-1.93519501,-2.44723643,0.00000000,0.00003434,0.00000000,0.00000289,-0.00000207,-0.00022016,0.01494989
120,0.93162780,0.99317393,0.01488072,-3.07711953,0.49212022,-2.67726630,3.99606011,1.96144024,2.64546741,0.64218869,-1.93736303,-2.44927010,0.00000000,0.00003403,0.00000000,0.00000286,-0.00000206,-0.00021829,0.01488591
121,0.93173610,0.99317491,0.01487922,-3.07716028,0.49217707,-2.67692909,3.99608854,1.96141986,2.64614181,0.64215648,-1.93951283,-2.45128691,0.00000000,0.00003372,0.00000000,0.00000284,-0.00000204,-0.00021646,0.01482275
122,0.93184326,0.99317587,0.01487772,-3.07720068,0.49223351,-2.67659491,3.99611675,1.96139966,2.64681018,0.64212455,-1.94164471,-2.45328714,0.00000000,0.00003342,0.00000000,0.00000282,-0.00000202,-0.00021465,0.01476037
123,0.93194930,0.99317682,0.01487624,-3.07724075,0.49228953,-2.67626370,3.99614476,1.96137963,2.64747260,0.64209288,-1.94375897,-2.45527105,0.00000000,0.00003312,0.00000000,0.00000280,-0.00000200,-0.00021288,0.01469877
124,0.93205425,0.99317777,0.01487478,-3.07728048,0.49234514,-2.67593541,3.99617257,1.96135976,2.64812918,0.64206147,-1.94585589,-2.45723892,0.00000000,0.00003283,0.00000000,0.00000278,-0.00000199,-0.00021113,0.01463793
125,0.93215813,0.99317872,0.01487332,-3.07731988,0.49240035,-2.67560999,3.99620018,1.96134006,2.64878002,0.64203033,-1.94793576,-2.45919100,0.00000000,0.00003254,0.00000000,0.00000276,-0.00000197,-0.00020942,0.01457783
126,0.93226096,0.99317965,0.01487188,-3.07735896,0.49245517,-2.67528740,3.99622759,1.96132052,2.64942521,0.64199943,-1.94999884,-2.46112755,0.00000000,0.00003226,0.00000000,0.00000274,-0.00000195,-0.00020773,0.01451846
127,0.93236275,0.99318058,0.01487045,-3.07739772,0.49250960,-2.67496758,3.99625480,1.96130114,2.65006485,0.64196879,-1.95204541,-2.46304879,0.00000000,0.00003198,0.00000000,0.00000272,-0.00000194,-0.00020606,0.01445980
128,0.93246352,0.99318150,0.01486903,-3.07743617,0.49256365,-2.67465049,3.99628182,1.96128192,2.65069902,0.64193839,-1.95407573,-2.46495499,0.00000000,0.00003171,0.00000000,0.00000270,-0.00000192,-0.00020443,0.01440184
129,0.93256329,0.99318242,0.01486762,-3.07747430,0.49261732,-2.67433609,3.99630866,1.96126285,2.65132782,0.64190824,-1.95609005,-2.46684637,0.00000000,0.00003144,0.00000000,0.00000268,-0.00000191,-0.00020281,0.01434456
130,0.93266209,0.99318332,0.01486622,-3.07751214,0.49267062,-2.67402433,3.99633531,1.96124393,2.65195134,0.64187833,-1.95808862,-2.46872315,0.00000000,0.00003118,0.00000000,0.00000266,-0.00000189,-0.00020123,0.01428796
131,0.93275992,0.99318423,0.01486484,-3.07754967,0.49272355,-2.67371518,3.99636177,1.96122516,2.65256965,0.64184865,-1.96007169,-2.47058557,0.00000000,0.00003092,0.00000000,0.00000265,-0.00000188,-0.00019967,0.01423201
132,0.93285680,0.99318512,0.01486346,-3.07758692,0.49277612,-2.67340858,3.99638806,1.96120654,2.65318284,0.64181920,-1.96203949,-2.47243384,0.00000000,0.00003066,0.00000000,0.00000263,-0.00000186,-0.00019813,0.01417671
133,0.93295276,0.99318601,0.01486210,-3.07762387,0.49282833,-2.67310450,3.99641417,1.96118807,2.65379099,0.64178998,-1.96399225,-2.47426817,0.00000000,0.00003041,0.00000000,0.00000261,-0.00000185,-0.00019662,0.01412205
134,0.93304780,0.99318689,0.01486075,-3.07766053,0.49288020,-2.67280291,3.99644010,1.96116973,2.65439419,0.64176098,-1.96593020,-2.47608878,0.00000000,0.00003016,0.00000000,0.00000259,-0.00000183,-0.00019512,0.01406800
135,0.93314194,0.99318777,0.01485941,-3.07769692,0.49293171,-2.67250375,3.99646586,1.96115154,2.65499250,0.64173220,-1.96785356,-2.47789586,0.00000000,0.00002992,0.00000000,0.00000258,-0.00000182,-0.00019366,0.01401457
136,0.93323520,0.99318864,0.01485807,-3.07773303,0.49298289,-2.67220700,3.99649144,1.96113349,2.65558601,0.64170364,-1.96976256,-2.47968962,0.00000000,0.00002968,0.00000000,0.00000256,-0.00000181,-0.00019221,0.01396174
137,0.93332759,0.99318951,0.01485675,-3.07776887,0.49303373,-2.67191261,3.99651686,1.96111557,2.65617478,0.64167530,-1.97165739,-2.48147025,0.00000000,0.00002944,0.00000000,0.00000254,-0.00000179,-0.00019078,0.01390949
138,0.93341912,0.99319037,0.01485544,-3.07780443,0.49308423,-2.67162056,3.99654212,1.96109778,2.65675889,0.64164717,-1.97353828,-2.48323794,0.00000000,0.00002921,0.00000000,0.00000253,-0.00000178,-0.00018938,0.01385782
139,0.93350982,0.99319122,0.01485414,-3.07783974,0.49313441,-2.67133080,3.99656721,1.96108013,2.65733841,0.64161924,-1.97540541,-2.48499288,0.00000000,0.00002898,0.00000000,0.00000251,-0.00000177,-0.00018799,0.01380672
140,0.93359969,0.99319207,0.01485285,-3.07787478,0.49318427,-2.67104330,3.99659213,1.96106261,2.65791341,0.64159152,-1.97725900,-2.48673525,0.00000000,0.00002875,0.00000000,0.00000249,-0.00000175,-0.00018663,0.01375618
141,0.93368875,0.99319291,0.01485157,-3.07790957,0.49323380,-2.67075803,3.99661690,1.96104522,2.65848395,0.64156400,-1.97909923,-2.48846523,0.00000000,0.00002853,0.00000000,0.00000248,-0.00000174,-0.00018528,0.01370618
142,0.93377700,0.99319375,0.01485029,-3.07794410,0.49328303,-2.67047495,3.99664151,1.96102795,2.65905010,0.64153669,-1.98092630,-2.49018299,0.00000000,0.00002831,0.00000000,0.00000246,-0.00000173,-0.00018396,0.01365671
143,0.93386447,0.99319458,0.01484903,-3.07797838,0.49333194,-2.67019404,3.99666597,1.96101081,2.65961193,0.64150956,-1.98274039,-2.49188871,0.00000000,0.00002809,0.00000000,0.00000245,-0.00000171,-0.00018265,0.01360778
144,0.93395117,0.99319541,0.01484778,-3.07801242,0.49338054,-2.66991525,3.99669027,1.96099379,2.66016950,0.64148264,-1.98454168,-2.49358256,0.00000000,0.00002788,0.00000000,0.00000243,-0.00000170,-0.00018136,0.01355936
145,0.93403710,0.99319623,0.01484653,-3.07804621,0.49342885,-2.66963857,3.99671442,1.96097689,2.66072286,0.64145590,-1.98633035,-2.49526469,0.00000000,0.00002767,0.00000000,0.00000242,-0.00000169,-0.00018009,0.01351145
146,0.93412229,0.99319705,0.01484530,-3.07807977,0.49347685,-2.66936395,3.99673842,1.96096012,2.66127209,0.64142935,-1.98810658,-2.49693527,0.00000000,0.00002746,0.00000000,0.00000240,-0.00000168,-0.00017884,0.01346404
147,0.93420673,0.99319786,0.01484407,-3.07811309,0.49352456,-2.66909138,3.99676228,1.96094346,2.66181724,0.64140298,-1.98987054,-2.49859446,0.00000000,0.00002726,0.00000000,0.00000239,-0.00000167,-0.00017760,0.01341712
148,0.93429045,0.99319866,0.01484285,-3.07814617,0.49357198,-2.66882082,3.99678599,1.96092691,2.66235837,0.64137680,-1.99162239,-2.50024240,0.00000000,0.00002706,0.00000000,0.00000237,-0.00000165,-0.00017638,0.01337069
149,0.93437345,0.99319946,0.01484164,-3.07817903,0.49361911,-2.66855224,3.99680955,1.96091049,2.66289552,0.64135080,-1.99336231,-2.50187926,0.00000000,0.00002686,0.00000000,0.00000236,-0.00000164,-0.00017518,0.01332473
150,0.93445575,0.99320026,0.01484044,-3.07821166,0.49366596,-2.66828561,3.99683298,1.96089417,2.66342877,0.64132498,-1.99509044,-2.50350518,0.00000000,0.00002666,0.00000000,0.00000234,-0.00000163,-0.00017400,0.01327924
151,0.93453736,0.99320105,0.01483925,-3.07824407,0.49371252,-2.66802092,3.99685626,1.96087797,2.66395817,0.64129934,-1.99680695,-2.50512031,0.00000000,0.00002647,0.00000000,0.00000233,-0.00000162,-0.00017283,0.01323420
152,0.93461828,0.99320184,0.01483807,-3.07827625,0.49375881,-2.66775812,3.99687941,1.96086187,2.66448376,0.64127386,-1.99851200,-2.50672478,0.00000000,0.00002628,0.00000000,0.00000231,-0.00000161,-0.00017167,0.01318962
153,0.93469852,0.99320262,0.01483689,-3.07830822,0.49380483,-2.66749720,3.99690242,1.96084589,2.66500560,0.64124856,-2.00020572,-2.50831874,0.00000000,0.00002609,0.00000000,0.00000230,-0.00000160,-0.00017053,0.01314548
154,0.93477811,0.99320339,0.01483572,-3.07833998,0.49385058,-2.66723813,3.99692529,1.96083001,2.66552374,0.64122343,-2.00188829,-2.50990233,0.00000000,0.00002591,0.00000000,0.00000229,-0.00000159,-0.00016941,0.01310178
155,0.93485704,0.99320417,0.01483456,-3.07837152,0.49389606,-2.66698089,3.99694803,1.96081424,2.66603823,0.64119846,-2.00355982,-2.51147567,0.00000000,0.00002572,0.00000000,0.00000227,-0.00000158,-0.00016830,0.01305850
156,0.93493532,0.99320493,0.01483341,-3.07840285,0.49394128,-2.66672544,3.99697064,1.96079857,2.66654912,0.64117366,-2.00522049,-2.51303890,0.00000000,0.00002554,0.00000000,0.00000226,-0.00000157,-0.00016720,0.01301565
157,0.93501298,0.99320570,0.01483226,-3.07843398,0.49398623,-2.66647177,3.99699312,1.96078301,2.66705646,0.64114902,-2.00687041,-2.51459215,0.00000000,0.00002537,0.00000000,0.00000225,-0.00000156,-0.00016612,0.01297321
158,0.93509000,0.99320645,0.01483113,-3.07846490,0.49403093,-2.66621985,3.99701547,1.96076755,2.66756029,0.64112454,-2.00850973,-2.51613555,0.00000000,0.00002519,0.00000000,0.00000224,-0.00000155,-0.00016505,0.01293119
159,0.93516641,0.99320721,0.01483000,-3.07849563,0.49407538,-2.66596967,3.99703769,1.96075219,2.66806066,0.64110022,-2.01013858,-2.51766922,0.00000000,0.00002502,0.00000000,0.00000222,-0.00000154,-0.00016400,0.01288956
160,0.93524222,0.99320796,0.01482887,-3.07852615,0.49411958,-2.66572119,3.99705979,1.96073692,2.66855763,0.64107606,-2.01175710,-2.51919328,0.00000000,0.00002485,0.00000000,0.00000221,-0.00000153,-0.00016296,0.01284834
161,0.93531742,0.99320870,0.01482776,-3.07855648,0.49416352,-2.66547439,3.99708176,1.96072176,2.66905122,0.64105205,-2.01336541,-2.52070785,0.00000000,0.00002468,0.00000000,0.00000220,-0.00000152,-0.00016193,0.01280750
162,0.93539204,0.99320944,0.01482665,-3.07858662,0.49420723,-2.66522926,3.99710361,1.96070669,2.66954148,0.64102819,-2.01496365,-2.52221305,0.00000000,0.00002451,0.00000000,0.00000219,-0.00000151,-0.00016092,0.01276704
163,0.93546607,0.99321018,0.01482555,-3.07861656,0.49425068,-2.66498577,3.99712534,1.96069172,2.67002847,0.64100448,-2.01655194,-2.52370899,0.00000000,0.00002435,0.00000000,0.00000217,-0.00000150,-0.00015991,0.01272697
164,0.93553953,0.99321091,0.01482446,-3.07864632,0.49429390,-2.66474389,3.99714695,1.96067684,2.67051221,0.64098092,-2.01813039,-2.52519579,0.00000000,0.00002419,0.00000000,0.00000216,-0.00000149,-0.00015892,0.01268726
165,0.93561242,0.99321164,0.01482337,-3.07867589,0.49433689,-2.66450362,3.99716844,1.96066206,2.67099276,0.64095751,-2.01969913,-2.52667356,0.00000000,0.00002403,0.00000000,0.00000215,-0.00000148,-0.00015795,0.01264792
166,0.93568475,0.99321237,0.01482229,-3.07870527,0.49437964,-2.66426493,3.99718982,1.96064736,2.67147014,0.64093424,-2.02125829,-2.52814241,0.00000000,0.00002387,0.00000000,0.00000214,-0.00000147,-0.00015698,0.01260895
167,0.93575654,0.99321309,0.01482122,-3.07873448,0.49442215,-2.66402780,3.99721108,1.96063276,2.67194441,0.64091111,-2.02280797,-2.52960244,0.00000000,0.00002371,0.00000000,0.00000213,-0.00000146,-0.00015603,0.01257032
168,0.93582778,0.99321380,0.01482015,-3.07876350,0.49446444,-2.66379220,3.99723222,1.96061825,2.67241560,0.64088813,-2.02434828,-2.53105376,0.00000000,0.00002356,0.00000000,0.00000211,-0.00000145,-0.00015508,0.01253205
169,0.93589848,0.99321452,0.01481909,-3.07879235,0.49450650,-2.66355813,3.99725325,1.96060383,2.67288374,0.64086529,-2.02587935,-2.53249647,0.00000000,0.00002341,0.00000000,0.00000210,-0.00000144,-0.00015415,0.01249412
170,0.93596866,0.99321523,0.01481804,-3.07882102,0.49454834,-2.66332556,3.99727417,1.96058949,2.67334888,0.64084258,-2.02740128,-2.53393068,0.00000000,0.00002326,0.00000000,0.00000209,-0.00000143,-0.00015323,0.01245653
171,0.93603832,0.99321593,0.01481700,-3.07884952,0.49458996,-2.66309447,3.99729498,1.96057524,2.67381105,0.64082001,-2.02891417,-2.53535648,0.00000000,0.00002311,0.00000000,0.00000208,-0.00000142,-0.00015232,0.01241928
172,0.93610746,0.99321663,0.01481596,-3.07887785,0.49463136,-2.66286485,3.99731568,1.96056108,2.67427029,0.64079757,-2.03041815,-2.53677397,0.00000000,0.00002296,0.00000000,0.00000207,-0.00000142,-0.00015142,0.01238236
173,0.93617609,0.99321733,0.01481492,-3.07890600,0.49467254,-2.66263668,3.99733627,1.96054700,2.67472664,0.64077527,-2.03191330,-2.53818325,0.00000000,0.00002282,0.00000000,0.00000206,-0.00000141,-0.00015054,0.01234576
174,0.93624422,0.99321802,0.01481389,-3.07893400,0.49471351,-2.66240994,3.99735675,1.96053300,2.67518012,0.64075310,-2.03339973,-2.53958442,0.00000000,0.00002267,0.00000000,0.00000205,-0.00000140,-0.00014966,0.01230948
175,0.93631186,0.99321871,0.01481287,-3.07896182,0.49475426,-2.66218461,3.99737713,1.96051909,2.67563078,0.64073106,-2.03487754,-2.54097756,0.00000000,0.00002253,0.00000000,0.00000204,-0.00000139,-0.00014879,0.01227351
176,0.93637901,0.99321940,0.01481186,-3.07898949,0.49479481,-2.66196068,3.99739740,1.96050526,2.67607864,0.64070915,-2.03634683,-2.54236277,0.00000000,0.00002239,0.00000000,0.00000203,-0.00000138,-0.00014793,0.01223786
177,0.93644568,0.99322008,0.01481085,-3.07901699,0.49483514,-2.66173813,3.99741757,1.96049151,2.67652375,0.64068737,-2.03780770,-2.54374013,0.00000000,0.00002226,0.00000000,0.00000202,-0.00000138,-0.00014708,0.01220251
178,0.93651188,0.99322076,0.01480985,-3.07904433,0.49487528,-2.66151694,3.99743764,1.96047784,2.67696612,0.64066571,-2.03926025,-2.54510974,0.00000000,0.00002212,0.00000000,0.00000201,-0.00000137,-0.00014625,0.01216747
179,0.93657760,0.99322143,0.01480885,-3.07907151,0.49491521,-2.66129710,3.99745760,1.96046424,2.67740580,0.64064417,-2.04070456,-2.54647169,0.00000000,0.00002198,0.00000000,0.00000200,-0.00000136,-0.00014542,0.01213272
180,0.93664286,0.99322211,0.01480786,-3.07909854,0.49495494,-2.66107859,3.99747747,1.96045073,2.67784282,0.64062276,-2.04214073,-2.54782605,0.00000000,0.00002185,0.00000000,0.00000199,-0.00000135,-0.00014460,0.01209827
181,0.93670767,0.99322278,0.01480687,-3.07912542,0.49499447,-2.66086140,3.99749723,1.96043729,2.67827721,0.64060147,-2.04356886,-2.54917291,0.00000000,0.00002172,0.00000000,0.00000198,-0.00000134,-0.00014379,0.01206411
182,0.93677202,0.99322344,0.01480589,-3.07915214,0.49503380,-2.66064551,3.99751690,1.96042393,2.67870899,0.64058030,-2.04498902,-2.55051236,0.00000000,0.00002159,0.00000000,0.00000197,-0.00000134,-0.00014299,0.01203023
183,0.93683593,0.99322410,0.01480492,-3.07917871,0.49507294,-2.66043090,3.99753647,1.96041065,2.67913820,0.64055925,-2.04640131,-2.55184447,0.00000000,0.00002146,0.00000000,0.00000196,-0.00000133,-0.00014219,0.01199663
184,0.93689939,0.99322476,0.01480395,-3.07920513,0.49511189,-2.66021757,3.99755594,1.96039743,2.67956486,0.64053832,-2.04780582,-2.55316932,0.00000000,0.00002133,0.00000000,0.00000195,-0.00000132,-0.00014141,0.01196331
185,0.93696242,0.99322542,0.01480298,-3.07923141,0.49515064,-2.66000549,3.99757532,1.96038430,2.67998901,0.64051750,-2.04920262,-2.55448700,0.00000000,0.00002121,0.00000000,0.00000194,-0.00000131,-0.00014063,0.01193027
186,0.93702502,0.99322607,0.01480203,-3.07925753,0.49518921,-2.65979466,3.99759461,1.96037123,2.68041067,0.64049679,-2.05059181,-2.55579759,0.00000000,0.00002108,0.00000000,0.00000193,-0.00000131,-0.00013987,0.01189749
187,0.93708720,0.99322672,0.01480107,-3.07928352,0.49522759,-2.65958506,3.99761380,1.96035824,2.68082988,0.64047620,-2.05197346,-2.55710114,0.00000000,0.00002096,0.00000000,0.00000192,-0.00000130,-0.00013911,0.01186498
188,0.93714896,0.99322736,0.01480013,-3.07930936,0.49526579,-2.65937667,3.99763289,1.96034532,2.68124665,0.64045573,-2.05334766,-2.55839776,0.00000000,0.00002084,0.00000000,0.00000191,-0.00000129,-0.00013836,0.01183274
189,0.93721030,0.99322800,0.01479918,-3.07933506,0.49530380,-2.65916949,3.99765190,1.96033247,2.68166102,0.64043536,-2.05471449,-2.55968749,0.00000000,0.00002072,0.00000000,0.00000190,-0.00000129,-0.00013761,0.01180075
190,0.93727123,0.99322864,0.01479825,-3.07936062,0.49534163,-2.65896349,3.99767081,1.96031969,2.68207301,0.64041511,-2.05607402,-2.56097043,0.00000000,0.00002060,0.00000000,0.00000189,-0.00000128,-0.00013688,0.01176902
191,0.93733176,0.99322928,0.01479732,-3.07938605,0.49537928,-2.65875867,3.99768964,1.96030698,2.68248265,0.64039496,-2.05742633,-2.56224663,0.00000000,0.00002048,0.00000000,0.00000188,-0.00000127,-0.00013615,0.01173755
192,0.93739189,0.99322991,0.01479639,-3.07941133,0.49541675,-2.65855502,3.99770838,1.96029433,2.68288997,0.64037492,-2.05877150,-2.56351618,0.00000000,0.00002037,0.00000000,0.00000187,-0.00000126,-0.00013543,0.01170632
193,0.93745163,0.99323054,0.01479547,-3.07943648,0.49545405,-2.65835251,3.99772703,1.96028176,2.68329498,0.64035499,-2.06010960,-2.56477913,0.00000000,0.00002025,0.00000000,0.00000186,-0.00000126,-0.00013472,0.01167534
194,0.93751097,0.99323117,0.01479455,-3.07946150,0.49549117,-2.65815114,3.99774559,1.96026925,2.68369772,0.64033516,-2.06144070,-2.56603556,0.00000000,0.00002014,0.00000000,0.00000186,-0.00000125,-0.00013402,0.01164460
195,0.93756993,0.99323179,0.01479364,-3.07948638,0.49552813,-2.65795090,3.99776406,1.96025681,2.68409820,0.64031544,-2.06276489,-2.56728554,0.00000000,0.00002002,0.00000000,0.00000185,-0.00000124,-0.00013332,0.01161410
196,0.93762851,0.99323241,0.01479273,-3.07951114,0.49556491,-2.65775177,3.99778245,1.96024443,2.68449646,0.64029582,-2.06408222,-2.56852912,0.00000000,0.00001991,0.00000000,0.00000184,-0.00000124,-0.00013263,0.01158384
197,0.93768671,0.99323303,0.01479183,-3.07953576,0.49560152,-2.65755374,3.99780076,1.96023212,2.68489252,0.64027630,-2.06539277,-2.56976638,0.00000000,0.00001980,0.00000000,0.00000183,-0.00000123,-0.00013195,0.01155381
198,0.93774454,0.99323365,0.01479093,-3.07956026,0.49563796,-2.65735680,3.99781898,1.96021987,2.68528639,0.64025688,-2.06669661,-2.57099738,0.00000000,0.00001969,0.00000000,0.00000182,-0.00000122,-0.00013127,0.01152401
199,0.93780200,0.99323426,0.01479004,-3.07958463,0.49567424,-2.65716094,3.99783712,1.96020769,2.68567811,0.64023757,-2.06799381,-2.57222218,0.00000000,0.00001959,0.00000000,0.00000181,-0.00000122,-0.00013060,0.01149444
200,0.93785910,0.99323487,0.01478915,-3.07960887,0.49571035,-2.65696615,3.99785517,1.96019556,2.68606770,0.64021835,-2.06928443,-2.57344085,0.00000000,0.00001948,0.00000000,0.00000181,-0.00000121,-0.00012994,0.01146509
201,0.93791583,0.99323548,0.01478827,-3.07963299,0.49574630,-2.65677242,3.99787315,1.96018350,2.68645517,0.64019923,-2.07056855,-2.57465344,0.00000000,0.00001937,0.00000000,0.00000180,-0.00000121,-0.00012929,0.01143597
202,0.93797222,0.99323608,0.01478739,-3.07965699,0.49578208,-2.65657973,3.99789104,1.96017151,2.68684055,0.64018021,-2.07184621,-2.57586002,0.00000000,0.00001927,0.00000000,0.00000179,-0.00000120,-0.00012864,0.01140706
203,0.93802825,0.99323668,0.01478652,-3.07968086,0.49581771,-2.65638807,3.99790886,1.96015957,2.68722386,0.64016128,-2.07311750,-2.57706064,0.00000000,0.00001917,0.00000000,0.00000178,-0.00000119,-0.00012799,0.01137837
204,0.93808393,0.99323728,0.01478565,-3.07970461,0.49585318,-2.65619744,3.99792659,1.96014769,2.68760513,0.64014245,-2.07438247,-2.57825537,0.00000000,0.00001906,0.00000000,0.00000177,-0.00000119,-0.00012736,0.01134990
205,0.93813927,0.99323787,0.01478478,-3.07972825,0.49588849,-2.65600782,3.99794425,1.96013588,2.68798436,0.64012372,-2.07564118,-2.57944425,0.00000000,0.00001896,0.00000000,0.00000177,-0.00000118,-0.00012673,0.01132164
206,0.93819427,0.99323847,0.01478392,-3.07975176,0.49592365,-2.65581920,3.99796183,1.96012412,2.68836160,0.64010507,-2.07689370,-2.58062736,0.00000000,0.00001886,0.00000000,0.00000176,-0.00000118,-0.00012610,0.01129358
207,0.93824893,0.99323906,0.01478307,-3.07977516,0.49595865,-2.65563158,3.99797933,1.96011242,2.68873684,0.64008652,-2.07814008,-2.58180474,0.00000000,0.00001876,0.00000000,0.00000175,-0.00000117,-0.00012549,0.01126573
208,0.93830326,0.99323965,0.01478222,-3.07979844,0.49599350,-2.65544494,3.99799675,1.96010078,2.68911012,0.64006806,-2.07938039,-2.58297645,0.00000000,0.00001866,0.00000000,0.00000174,-0.00000116,-0.00012488,0.01123809
209,0.93835726,0.99324023,0.01478137,-3.07982161,0.49602820,-2.65525927,3.99801410,1.96008920,2.68948146,0.64004969,-2.08061469,-2.58414254,0.00000000,0.00001857,0.00000000,0.00000173,-0.00000116,-0.00012427,0.01121064
210,0.93841094,0.99324081,0.01478052,-3.07984466,0.49606275,-2.65507457,3.99803138,1.96007767,2.68985086,0.64003141,-2.08184303,-2.58530307,0.00000000,0.00001847,0.00000000,0.00000173,-0.00000115,-0.00012367,0.01118340
211,0.93846429,0.99324139,0.01477969,-3.07986760,0.49609715,-2.65489082,3.99804858,1.96006620,2.69021837,0.64001322,-2.08306546,-2.58645809,0.00000000,0.00001838,0.00000000,0.00000172,-0.00000115,-0.00012308,0.01115635
212,0.93851733,0.99324197,0.01477885,-3.07989043,0.49613141,-2.65470801,3.99806570,1.96005479,2.69058398,0.63999512,-2.08428206,-2.58760765,0.00000000,0.00001828,0.00000000,0.00000171,-0.00000114,-0.00012249,0.01112949
213,0.93857005,0.99324254,0.01477802,-3.07991315,0.49616551,-2.65452614,3.99808276,1.96004343,2.69094772,0.63997711,-2.08549286,-2.58875181,0.00000000,0.00001819,0.00000000,0.00000171,-0.00000114,-0.00012190,0.01110282
214,0.93862246,0.99324312,0.01477719,-3.07993576,0.49619947,-2.65434520,3.99809974,1.96003212,2.69130961,0.63995918,-2.08669793,-2.58989060,0.00000000,0.00001809,0.00000000,0.00000170,-0.00000113,-0.00012133,0.01107635
215,0.93867456,0.99324369,0.01477637,-3.07995826,0.49623329,-2.65416517,3.99811665,1.96002087,2.69166967,0.63994134,-2.08789731,-2.59102410,0.00000000,0.00001800,0.00000000,0.00000169,-0.00000113,-0.00012075,0.01105006
216,0.93872635,0.99324425,0.01477555,-3.07998065,0.49626697,-2.65398605,3.99813349,1.96000967,2.69202791,0.63992358,-2.08909107,-2.59215233,0.00000000,0.00001791,0.00000000,0.00000168,-0.00000112,-0.00012019,0.01102396
217,0.93877785,0.99324482,0.01477474,-3.08000294,0.49630051,-2.65380783,3.99815025,1.95999853,2.69238435,0.63990590,-2.09027926,-2.59327536,0.00000000,0.00001782,0.00000000,0.00000168,-0.00000111,-0.00011963,0.01099804
218,0.93882904,0.99324538,0.01477392,-3.08002512,0.49633390,-2.65363049,3.99816695,1.95998744,2.69273901,0.63988831,-2.09146192,-2.59439323,0.00000000,0.00001773,0.00000000,0.00000167,-0.00000111,-0.00011907,0.01097230
219,0.93887994,0.99324594,0.01477312,-3.08004719,0.49636716,-2.65345405,3.99818358,1.95997640,2.69309191,0.63987080,-2.09263911,-2.59550598,0.00000000,0.00001764,0.00000000,0.00000166,-0.00000110,-0.00011852,0.01094674
220,0.93893055,0.99324650,0.01477231,-3.08006917,0.49640028,-2.65327847,3.99820014,1.95996542,2.69344306,0.63985337,-2.09381087,-2.59661367,0.00000000,0.00001756,0.00000000,0.00000166,-0.00000110,-0.00011797,0.01092135
221,0.93898087,0.99324705,0.01477151,-3.08009104,0.49643326,-2.65310376,3.99821663,1.95995448,2.69379248,0.63983603,-2.09497727,-2.59771634,0.00000000,0.00001747,0.00000000,0.00000165,-0.00000109,-0.00011743,0.01089614
222,0.93903090,0.99324761,0.01477072,-3.08011281,0.49646611,-2.65292991,3.99823306,1.95994360,2.69414018,0.63981876,-2.09613833,-2.59881403,0.00000000,0.00001739,0.00000000,0.00000164,-0.00000109,-0.00011690,0.01087111
223,0.93908065,0.99324816,0.01476993,-3.08013448,0.49649883,-2.65275690,3.99824941,1.95993276,2.69448619,0.63980157,-2.09729413,-2.59990679,0.00000000,0.00001730,0.00000000,0.00000164,-0.00000108,-0.00011636,0.01084624
224,0.93913011,0.99324871,0.01476914,-3.08015604,0.49653141,-2.65258474,3.99826571,1.95992198,2.69483052,0.63978447,-2.09844469,-2.60099466,0.00000000,0.00001722,0.00000000,0.00000163,-0.00000108,-0.00011584,0.01082154
225,0.93917930,0.99324925,0.01476835,-3.08017751,0.49656386,-2.65241341,3.99828193,1.95991124,2.69517318,0.63976744,-2.09959007,-2.60207769,0.00000000,0.00001713,0.00000000,0.00000162,-0.00000107,-0.00011532,0.01079701
226,0.93922822,0.99324980,0.01476757,-3.08019889,0.49659618,-2.65224291,3.99829809,1.95990056,2.69551418,0.63975048,-2.10073032,-2.60315592,0.00000000,0.00001705,0.00000000,0.00000162,-0.00000107,-0.00011480,0.01077264
227,0.93927686,0.99325034,0.01476680,-3.08022016,0.49662837,-2.65207322,3.99831419,1.95988992,2.69585356,0.63973361,-2.10186548,-2.60422940,0.00000000,0.00001697,0.00000000,0.00000161,-0.00000106,-0.00011429,0.01074844
228,0.93932523,0.99325088,0.01476602,-3.08024134,0.49666044,-2.65190435,3.99833022,1.95987933,2.69619131,0.63971681,-2.10299559,-2.60529815,0.00000000,0.00001689,0.00000000,0.00000160,-0.00000106,-0.00011378,0.01072440
229,0.93937334,0.99325142,0.01476525,-3.08026242,0.49669237,-2.65173627,3.99834619,1.95986879,2.69652745,0.63970008,-2.10412071,-2.60636224,0.00000000,0.00001681,0.00000000,0.00000160,-0.00000105,-0.00011328,0.01070051
230,0.93942118,0.99325195,0.01476449,-3.08028341,0.49672418,-2.65156900,3.99836209,1.95985829,2.69686200,0.63968343,-2.10524086,-2.60742168,0.00000000,0.00001673,0.00000000,0.00000159,-0.00000105,-0.00011278,0.01067679
231,0.93946876,0.99325248,0.01476372,-3.08030431,0.49675587,-2.65140251,3.99837793,1.95984785,2.69719498,0.63966685,-2.10635611,-2.60847654,0.00000000,0.00001665,0.00000000,0.00000158,-0.00000104,-0.00011228,0.01065322
232,0.93951608,0.99325301,0.01476296,-3.08032511,0.49678743,-2.65123680,3.99839371,1.95983745,2.69752639,0.63965035,-2.10746648,-2.60952684,0.00000000,0.00001657,0.00000000,0.00000158,-0.00000104,-0.00011179,0.01062980
233,0.93956315,0.99325354,0.01476221,-3.08034582,0.49681886,-2.65107187,3.99840943,1.95982709,2.69785626,0.63963392,-2.10857203,-2.61057262,0.00000000,0.00001649,0.00000000,0.00000157,-0.00000104,-0.00011131,0.01060654
234,0.93960996,0.99325407,0.01476145,-3.08036644,0.49685018,-2.65090771,3.99842509,1.95981678,2.69818459,0.63961756,-2.10967279,-2.61161393,0.00000000,0.00001642,0.00000000,0.00000157,-0.00000103,-0.00011082,0.01058343
235,0.93965652,0.99325459,0.01476070,-3.08038696,0.49688137,-2.65074430,3.99844069,1.95980652,2.69851140,0.63960127,-2.11076880,-2.61265080,0.00000000,0.00001634,0.00000000,0.00000156,-0.00000103,-0.00011035,0.01056047
236,0.93970283,0.99325512,0.01475996,-3.08040740,0.49691245,-2.65058165,3.99845622,1.95979630,2.69883670,0.63958505,-2.11186011,-2.61368328,0.00000000,0.00001627,0.00000000,0.00000155,-0.00000102,-0.00010987,0.01053765
237,0.93974889,0.99325564,0.01475921,-3.08042775,0.49694340,-2.65041975,3.99847170,1.95978612,2.69916051,0.63956891,-2.11294675,-2.61471138,0.00000000,0.00001619,0.00000000,0.00000155,-0.00000102,-0.00010940,0.01051499
238,0.93979471,0.99325616,0.01475847,-3.08044801,0.49697424,-2.65025858,3.99848712,1.95977599,2.69948283,0.63955283,-2.11402877,-2.61573516,0.00000000,0.00001612,0.00000000,0.00000154,-0.00000101,-0.00010894,0.01049246
239,0.93984029,0.99325667,0.01475774,-3.08046819,0.49700496,-2.65009815,3.99850248,1.95976591,2.69980369,0.63953682,-2.11510621,-2.61675465,0.00000000,0.00001604,0.00000000,0.00000154,-0.00000101,-0.00010847,0.01047008
240,0.93988563,0.99325719,0.01475700,-3.08048828,0.49703556,-2.64993845,3.99851778,1.95975586,2.70012309,0.63952088,-2.11617909,-2.61776989,0.00000000,0.00001597,0.00000000,0.00000153,-0.00000100,-0.00010802,0.01044784
241,0.93993073,0.99325770,0.01475627,-3.08050828,0.49706605,-2.64977947,3.99853302,1.95974586,2.70044105,0.63950501,-2.11724747,-2.61878091,0.00000000,0.00001590,0.00000000,0.00000152,-0.00000100,-0.00010756,0.01042574
242,0.93997559,0.99325821,0.01475555,-3.08052819,0.49709642,-2.64962121,3.99854821,1.95973590,2.70075758,0.63948920,-2.11831138,-2.61978774,0.00000000,0.00001583,0.00000000,0.00000152,-0.00000100,-0.00010711,0.01040378
243,0.94002022,0.99325872,0.01475482,-3.08054803,0.49712668,-2.64946365,3.99856334,1.95972599,2.70107269,0.63947346,-2.11937085,-2.62079042,0.00000000,0.00001576,0.00000000,0.00000151,-0.00000099,-0.00010667,0.01038196
244,0.94006463,0.99325922,0.01475410,-3.08056778,0.49715682,-2.64930680,3.99857841,1.95971611,2.70138640,0.63945779,-2.12042592,-2.62178899,0.00000000,0.00001569,0.00000000,0.00000151,-0.00000099,-0.00010622,0.01036028
245,0.94010880,0.99325973,0.01475338,-3.08058744,0.49718686,-2.64915064,3.99859343,1.95970628,2.70169871,0.63944219,-2.12147663,-2.62278348,0.00000000,0.00001562,0.00000000,0.00000150,-0.00000098,-0.00010578,0.01033872
246,0.94015274,0.99326023,0.01475267,-3.08060702,0.49721678,-2.64899518,3.99860839,1.95969649,2.70200964,0.63942664,-2.12252302,-2.62377391,0.00000000,0.00001555,0.00000000,0.00000150,-0.00000098,-0.00010535,0.01031730
247,0.94019647,0.99326073,0.01475196,-3.08062652,0.49724659,-2.64884040,3.99862330,1.95968674,2.70231920,0.63941117,-2.12356511,-2.62476033,0.00000000,0.00001548,0.00000000,0.00000149,-0.00000098,-0.00010492,0.01029602
248,0.94023997,0.99326123,0.01475125,-3.08064594,0.49727630,-2.64868630,3.99863815,1.95967703,2.70262741,0.63939575,-2.12460295,-2.62574277,0.00000000,0.00001541,0.00000000,0.00000149,-0.00000097,-0.00010449,0.01027486
249,0.94028324,0.99326173,0.01475054,-3.08066528,0.49730589,-2.64853287,3.99865295,1.95966736,2.70293426,0.63938040,-2.12563656,-2.62672126,0.00000000,0.00001534,0.00000000,0.00000148,-0.00000097,-0.00010406,0.01025383
250,0.94032631,0.99326222,0.01474984,-3.08068454,0.49733538,-2.64838011,3.99866769,1.95965773,2.70323978,0.63936512,-2.12666599,-2.62769582,0.00000000,0.00001528,0.00000000,0.00000147,-0.00000096,-0.00010364,0.01023293
251,0.94036915,0.99326272,0.01474914,-3.08070373,0.49736476,-2.64822801,3.99868238,1.95964814,2.70354397,0.63934989,-2.12769127,-2.62866650,0.00000000,0.00001521,0.00000000,0.00000147,-0.00000096,-0.00010322,0.01021215
252,0.94041178,0.99326321,0.01474845,-3.08072283,0.49739403,-2.64807657,3.99869702,1.95963859,2.70384686,0.63933473,-2.12871243,-2.62963332,0.00000000,0.00001514,0.00000000,0.00000146,-0.00000096,-0.00010281,0.01019150
253,0.94045420,0.99326370,0.01474775,-3.08074185,0.49742320,-2.64792578,3.99871160,1.95962907,2.70414843,0.63931963,-2.12972950,-2.63059632,0.00000000,0.00001508,0.00000000,0.00000146,-0.00000095,-0.00010240,0.01017098
254,0.94049640,0.99326419,0.01474706,-3.08076080,0.49745227,-2.64777564,3.99872613,1.95961960,2.70444872,0.63930459,-2.13074251,-2.63155551,0.00000000,0.00001501,0.00000000,0.00000145,-0.00000095,-0.00010199,0.01015058
255,0.94053840,0.99326467,0.01474637,-3.08077967,0.49748123,-2.64762614,3.99874061,1.95961016,2.70474772,0.63928961,-2.13175150,-2.63251094,0.00000000,0.00001495,0.00000000,0.00000145,-0.00000094,-0.00010158,0.01013030
256,0.94058019,0.99326516,0.01474569,-3.08079847,0.49751008,-2.64747727,3.99875504,1.95960077,2.70504546,0.63927469,-2.13275650,-2.63346263,0.00000000,0.00001489,0.00000000,0.00000144,-0.00000094,-0.00010118,0.01011013
257,0.94062178,0.99326564,0.01474500,-3.08081719,0.49753884,-2.64732903,3.99876942,1.95959141,2.70534193,0.63925983,-2.13375754,-2.63441062,0.00000000,0.00001482,0.00000000,0.00000144,-0.00000094,-0.00010078,0.01009009
258,0.94066316,0.99326612,0.01474432,-3.08083583,0.49756749,-2.64718142,3.99878375,1.95958208,2.70563715,0.63924503,-2.13475465,-2.63535492,0.00000000,0.00001476,0.00000000,0.00000143,-0.00000093,-0.00010039,0.01007017
259,0.94070435,0.99326660,0.01474365,-3.08085440,0.49759605,-2.64703443,3.99879802,1.95957280,2.70593114,0.63923028,-2.13574786,-2.63629558,0.00000000,0.00001470,0.00000000,0.00000143,-0.00000093,-0.00009999,0.01005036
260,0.94074533,0.99326708,0.01474297,-3.08087290,0.49762450,-2.64688806,3.99881225,1.95956355,2.70622389,0.63921560,-2.13673721,-2.63723261,0.00000000,0.00001464,0.00000000,0.00000142,-0.00000092,-0.00009961,0.01003067
261,0.94078611,0.99326755,0.01474230,-3.08089132,0.49765285,-2.64674229,3.99882643,1.95955434,2.70651542,0.63920097,-2.13772271,-2.63816604,0.00000000,0.00001458,0.00000000,0.00000142,-0.00000092,-0.00009922,0.01001109
262,0.94082670,0.99326803,0.01474163,-3.08090967,0.49768111,-2.64659713,3.99884055,1.95954516,2.70680574,0.63918640,-2.13870441,-2.63909591,0.00000000,0.00001452,0.00000000,0.00000141,-0.00000092,-0.00009884,0.00999163
262
{'c': 0.9408267011141435, 'e': 0.9932680260412802, 'd': 0.014741632065542515}
{'f': 0.009991628470685786}
{'a': 0, 'c': 1.4516066951074111e-05, 'b': 0, 'e': 1.4127706873908254e-06, 'd': -9.175812843214365e-07, 'f': -9.883514885312465e-05}
{'bd': -3.080909673641032, 'be': 0.49768110942804916, 'ac': -2.6465971292870574, 'ae': 3.998840554714026, 'ad': 1.959545163179484, 'bc': 2.7068057414258733, 'df': 0.6391864018078728, 'ef': -2.1387044128434307, 'cf': -2.639095909172766}
