customer_ID,shopping_pt,record_type,day,time,state,location,group_size,homeowner,car_age,car_value,risk_factor,age_oldest,age_youngest,married_couple,C_previous,duration_previous,A,B,C,D,E,F,G,cost
10000000,9,1,0,12:07,IN,10001,2,0,2,g,3,46,42,1,1,2,1,0,2,2,1,2,1,634
10000005,6,1,3,09:09,NY,10006,1,0,10,e,4,28,28,0,3,13,0,0,3,2,0,0,2,731
10000007,8,1,4,14:26,PA,10008,1,0,11,c,NA,43,43,0,2,4,0,0,1,2,0,0,1,602
10000013,4,1,4,09:31,WV,10014,2,1,3,d,3,62,60,1,3,3,1,1,3,2,1,1,3,626
10000014,6,1,1,17:50,MO,10015,1,0,5,d,3,32,28,1,1,2,1,1,1,1,0,2,2,614
10000016,10,1,3,13:15,OH,10018,1,0,6,d,NA,24,24,0,3,9,2,0,3,3,0,3,3,597
10000019,8,1,1,11:34,OK,10021,1,0,7,d,NA,21,21,0,2,4,2,1,2,3,1,2,3,705
10000023,7,1,1,14:32,PA,10025,1,1,2,f,3,63,63,0,1,13,1,1,1,3,1,1,2,607
10000025,7,1,0,15:26,OH,10027,2,1,15,d,2,52,17,0,3,0,0,0,1,1,0,0,3,604
10000026,4,1,3,15:24,OH,10028,2,1,5,d,3,59,57,1,3,1,1,1,3,3,1,2,3,578
10000027,6,1,2,08:03,IN,10029,1,0,17,e,4,50,50,0,2,1,0,0,2,2,0,0,1,605
10000028,6,1,6,11:44,FL,10030,2,1,1,d,1,44,20,0,1,2,1,0,1,3,0,2,3,703
10000031,8,1,4,19:09,OR,10033,1,0,15,e,NA,25,25,0,2,8,1,1,1,1,0,1,2,665
10000032,7,1,1,18:37,OR,10034,1,0,12,e,3,29,29,0,4,14,1,1,3,3,0,2,3,606
10000033,7,1,0,18:31,WA,10035,1,1,8,d,3,30,30,0,1,5,2,0,1,1,0,1,2,603
10000034,7,1,2,09:40,OK,10036,1,1,8,g,3,61,61,0,3,3,2,1,2,3,0,2,2,600
10000036,11,1,0,13:56,FL,10038,2,1,26,c,1,60,56,1,3,15,1,1,3,3,0,2,3,577
10000037,6,1,1,13:07,PA,10039,2,1,1,g,4,58,24,0,1,5,1,0,1,2,1,2,2,694
10000038,7,1,2,16:00,WA,10040,1,0,7,d,NA,65,37,1,1,0,1,1,1,1,1,2,2,654
10000039,9,1,2,13:39,OH,10041,1,1,4,f,NA,49,49,0,2,4,1,1,3,3,1,2,3,646
10000040,4,1,4,14:41,KS,10042,1,1,6,e,NA,26,26,0,3,5,1,1,3,3,1,2,1,627
10000041,8,1,0,08:45,PA,10043,1,1,14,d,NA,56,56,0,1,4,0,1,1,1,0,0,3,563
10000042,4,1,0,11:14,FL,10044,3,0,9,e,3,65,17,1,3,15,1,1,3,3,1,1,3,701
10000043,7,1,2,10:47,NY,10045,1,1,3,f,2,51,51,0,3,4,1,0,3,3,0,0,2,598
10000047,8,1,0,14:32,OH,10049,1,1,6,e,3,24,24,0,4,6,1,0,3,3,1,1,3,598
10000048,9,1,0,13:23,OH,10050,1,1,10,h,NA,52,52,0,1,1,0,0,1,1,0,0,3,562
10000049,10,1,3,13:56,NV,10051,1,0,17,c,NA,43,43,0,3,7,0,1,1,1,0,0,2,617
10000052,8,1,0,18:25,ID,10053,1,1,8,d,1,24,24,0,3,3,2,1,3,3,1,3,3,604
10000054,3,1,2,09:05,FL,10055,2,1,7,f,1,75,75,1,1,3,1,1,1,2,1,2,3,614
10000055,7,1,4,17:58,CO,10056,1,1,9,e,4,75,75,0,4,15,2,1,4,3,0,1,2,634
10000057,8,1,2,10:07,CT,10058,1,1,8,e,NA,56,56,0,2,15,1,0,3,3,1,0,2,648
10000059,7,1,2,15:37,NY,10060,1,0,5,e,3,42,42,0,3,2,2,1,3,3,1,0,1,721
10000060,9,1,5,16:38,CO,10061,1,0,11,f,NA,41,41,0,1,0,1,0,1,1,0,2,2,630
10000061,6,1,4,19:30,NV,10062,1,1,14,f,NA,43,43,0,1,10,2,1,1,1,1,2,3,641
10000062,6,1,2,11:04,FL,10063,1,1,2,f,1,43,43,0,3,3,1,1,3,2,1,1,3,670
10000063,7,1,0,12:16,CO,10064,1,0,2,g,NA,21,21,0,3,1,2,0,3,3,0,3,3,706
10000064,4,1,3,14:03,PA,10065,1,0,13,f,NA,18,18,0,3,4,0,0,2,2,0,0,2,666
10000066,3,1,4,12:47,AL,10067,1,1,5,f,4,68,68,0,3,10,1,0,3,3,0,2,2,613
10000068,5,1,0,13:32,NY,10069,1,1,6,e,2,25,25,0,3,9,1,0,3,3,0,0,2,588
10000069,6,1,3,17:17,AR,10070,2,0,20,f,NA,51,47,1,4,0,0,1,2,2,0,2,1,624
10000072,7,1,1,16:12,NM,10073,1,1,2,g,NA,26,26,0,1,2,2,0,1,1,0,2,2,662
10000075,5,1,1,10:49,MS,10075,1,0,4,h,3,24,24,0,4,8,2,1,1,1,0,2,2,696
10000076,8,1,0,15:59,CT,10076,1,0,14,f,NA,27,27,0,3,0,2,0,1,1,1,0,2,699
10000077,9,1,4,15:37,KS,10077,1,0,2,e,NA,32,32,0,3,10,1,0,3,3,0,1,2,599
10000078,5,1,4,15:20,FL,10078,2,1,8,d,1,52,46,1,1,15,0,0,1,2,0,0,3,592
10000079,7,1,0,10:54,NM,10079,1,1,2,e,4,38,38,0,3,15,1,0,3,3,0,1,2,627
10000080,4,1,4,10:31,FL,10080,1,1,2,e,3,43,43,0,4,4,1,0,4,3,0,1,4,676
10000082,9,1,5,12:04,NY,10082,1,0,1,f,3,24,24,0,3,2,2,0,3,3,0,0,2,729
10000084,9,1,4,16:17,CT,10084,1,0,1,e,3,22,22,0,4,1,1,0,3,3,0,0,1,670
10000086,8,1,1,15:35,MD,10086,2,0,6,d,2,39,37,1,3,4,1,1,3,3,1,2,2,654
10000088,3,1,3,08:51,RI,10088,1,0,9,f,2,59,59,0,2,4,0,0,2,2,0,0,2,549
10000091,10,1,4,14:08,FL,10091,1,1,1,e,1,51,51,0,1,11,1,0,1,1,1,1,3,630
10000092,10,1,0,17:39,NV,10092,1,0,8,g,NA,39,36,1,1,3,1,0,1,1,0,2,1,683
10000094,9,1,2,09:26,NM,10094,2,1,1,g,2,60,53,1,4,7,1,1,4,3,0,1,3,596
10000095,3,1,2,12:00,UT,10095,1,0,13,f,NA,23,23,0,NA,NA,0,0,1,1,0,0,1,589
10000096,6,1,1,18:02,OR,10096,1,0,1,h,4,55,55,0,2,5,1,0,3,3,1,2,1,630
10000097,8,1,0,16:11,NM,10097,2,1,2,e,NA,43,37,0,1,6,1,0,1,2,0,2,2,640
10000098,3,1,1,12:13,ID,10098,1,0,2,f,4,28,28,0,3,1,1,1,3,3,1,2,3,687
10000100,9,1,3,08:34,FL,10100,1,0,1,e,1,23,23,0,3,0,1,1,3,3,1,1,3,682
10000103,6,1,3,08:36,PA,10103,1,1,1,f,3,75,75,0,4,10,2,0,4,3,1,2,3,575
10000104,4,1,3,09:31,PA,10104,1,1,10,g,2,71,71,0,3,4,1,0,3,3,1,1,3,616
10000105,8,1,2,09:47,ME,10105,1,0,11,g,3,20,20,0,3,5,1,0,3,2,0,1,2,653
10000107,7,1,1,12:38,PA,10107,1,0,12,f,4,41,41,0,3,2,1,1,1,2,1,2,3,608
10000108,9,1,4,09:51,TN,10108,1,0,11,g,3,21,21,0,3,5,1,0,2,3,0,1,1,692
10000111,6,1,4,12:43,FL,10111,1,1,10,f,2,22,22,0,3,8,1,1,3,3,0,2,3,657
10000112,7,1,2,11:28,TN,10112,1,1,3,f,3,41,41,0,NA,NA,1,0,4,3,1,1,3,688
10000113,5,1,3,17:03,KS,10113,1,0,15,f,2,55,55,0,3,15,1,1,3,3,1,1,2,600
10000115,6,1,2,17:25,CO,10115,2,1,11,g,3,37,36,1,2,9,1,0,3,2,0,0,1,558
10000116,9,1,2,15:23,OH,10116,1,0,14,e,NA,25,25,0,4,7,0,0,3,3,0,0,3,597
10000117,3,1,2,07:53,NY,10117,1,1,13,e,1,70,70,0,3,5,1,0,3,2,1,0,2,571
10000118,7,1,0,08:37,NY,10118,1,0,3,e,2,25,25,0,3,9,1,1,3,3,1,0,2,648
10000121,8,1,4,13:10,WA,10121,1,0,4,f,NA,39,39,0,1,1,1,0,1,3,0,2,1,667
10000122,5,1,0,18:42,UT,10122,1,0,6,d,NA,21,21,0,1,4,2,1,1,2,1,3,2,666
10000123,7,1,1,17:09,WA,10123,1,1,4,g,3,37,37,0,4,7,1,0,4,3,0,1,1,617
10000124,4,1,2,16:26,AL,10124,4,1,19,d,1,61,29,1,3,15,0,1,3,3,0,0,1,538
10000125,11,1,1,11:14,FL,10125,1,1,1,f,2,52,52,0,3,12,1,1,1,3,1,2,4,603
10000126,9,1,5,10:14,PA,10126,2,0,8,f,NA,38,36,1,3,4,1,1,3,2,1,1,4,659
10000127,7,1,1,11:54,FL,10127,1,1,1,e,1,71,71,0,3,4,1,0,3,3,0,2,3,597
10000128,7,1,3,09:06,ME,10128,1,0,18,c,NA,24,24,0,2,5,0,1,2,3,0,0,2,573
10000129,9,1,3,15:50,PA,10129,1,0,12,g,4,54,54,0,1,1,1,1,1,2,1,2,2,665
10000130,7,1,4,13:53,OR,10130,2,0,12,d,4,40,39,1,2,8,1,0,2,3,0,2,4,628
10000131,5,1,3,09:51,MS,10131,1,1,8,d,NA,47,47,0,1,15,2,1,1,3,1,2,4,644
10000132,3,1,3,11:13,WI,10132,1,0,10,e,NA,24,21,1,2,1,2,0,2,3,0,2,3,642
10000133,6,1,3,18:05,MO,10133,1,0,2,h,4,25,25,0,4,1,1,1,4,3,0,2,2,622
10000134,10,1,5,10:11,CT,10134,1,0,7,f,NA,42,42,0,3,1,1,0,2,3,1,0,2,645
10000135,9,1,2,13:59,AR,10135,1,0,7,d,NA,20,20,0,1,1,0,1,1,1,0,0,1,631
10000136,6,1,3,09:37,PA,10136,2,0,15,e,NA,46,41,0,3,2,0,0,3,3,0,0,3,599
10000137,9,1,2,11:46,MT,10137,2,1,22,e,NA,43,43,1,2,1,1,0,2,3,0,2,2,639
10000138,9,1,4,10:11,MD,10138,2,0,2,e,3,58,52,1,3,5,1,1,3,3,0,2,3,621
10000139,6,1,3,12:06,PA,10139,1,0,1,d,3,32,32,0,3,7,2,1,3,3,1,2,4,647
10000141,8,1,4,13:35,FL,10141,2,1,1,g,3,63,62,1,3,2,1,0,3,3,1,2,4,625
10000143,7,1,4,15:10,MO,10143,1,1,15,d,NA,44,44,0,1,1,0,0,2,3,0,0,2,567
10000144,7,1,2,11:30,OH,10144,1,1,9,e,3,75,75,0,4,5,2,1,4,3,1,2,3,617
10000145,6,1,3,11:23,PA,10145,1,0,6,e,3,62,62,0,1,13,1,1,1,3,1,2,2,610
10000147,7,1,0,13:26,CT,10147,1,1,6,e,NA,28,28,0,4,2,1,0,3,3,1,0,1,668
10000148,9,1,0,08:47,KY,10148,2,1,12,e,4,35,32,1,1,3,1,1,2,2,1,2,3,625
10000150,8,1,4,08:36,NY,10150,1,1,5,f,2,74,71,1,2,15,1,0,2,2,0,0,2,612
10000151,9,1,4,09:23,IN,10151,1,1,14,e,1,75,75,0,3,15,1,1,3,3,0,2,1,596
10000152,6,1,4,13:52,IN,10152,1,0,17,d,4,25,25,0,1,0,0,0,1,1,0,0,1,584
10000154,8,1,1,11:29,RI,10154,1,1,10,f,NA,45,45,0,1,3,0,0,3,3,0,0,1,714
10000155,5,1,2,10:02,NY,10155,1,0,3,f,1,65,65,0,3,15,1,0,3,2,0,0,1,590
10000156,5,1,4,09:43,PA,10156,1,0,7,e,NA,21,21,0,4,2,2,1,1,2,1,1,4,678
10000158,8,1,3,18:04,MS,10158,1,0,9,g,4,22,22,0,1,3,2,1,2,2,1,3,3,703
10000159,8,1,0,19:03,NV,10159,1,0,7,d,NA,22,22,0,1,1,1,0,1,2,1,2,1,727
10000160,9,1,4,16:58,WA,10140,1,1,4,f,3,45,45,0,4,14,1,1,4,3,0,1,2,607
10000161,6,1,1,12:13,PA,10160,1,0,13,d,3,21,21,0,3,6,0,0,2,2,0,0,2,629
10000162,5,1,2,08:31,NY,10161,1,1,1,g,3,33,33,0,3,9,1,0,3,2,1,0,2,644
10000163,9,1,0,13:35,PA,10162,1,1,9,e,NA,54,54,0,1,4,1,1,1,1,1,2,2,671
10000164,4,1,0,11:04,NY,10163,1,1,6,d,3,52,52,0,3,6,1,1,3,3,1,0,2,709
10000165,6,1,0,14:41,TN,10164,1,1,16,e,NA,55,55,1,3,1,2,1,2,3,0,3,1,590
10000167,7,1,1,07:08,IN,10166,1,0,9,g,4,23,23,0,1,1,1,0,2,3,0,2,1,686
10000168,8,1,4,13:48,OH,10167,1,0,12,g,NA,38,38,0,3,7,1,0,2,3,0,2,2,668
10000169,8,1,2,18:56,WA,10168,1,1,7,f,NA,67,67,0,3,7,1,0,3,2,1,1,2,655
10000170,9,1,1,14:31,FL,10169,1,1,4,e,2,56,56,0,4,9,1,1,4,3,1,1,3,662
10000172,7,1,0,11:17,KS,10171,1,0,13,f,NA,26,26,0,3,10,0,1,3,3,0,0,3,577
10000173,9,1,3,13:32,MD,10172,1,0,4,g,2,21,21,0,4,6,2,1,4,3,1,2,3,745
10000176,7,1,4,08:43,FL,10175,1,0,18,d,1,61,61,0,1,13,0,0,1,2,0,0,3,625
10000178,9,1,2,14:49,CT,10177,1,0,8,f,NA,22,22,0,1,2,0,0,1,2,0,0,1,644
10000179,6,1,2,09:48,TN,10178,1,0,11,f,4,31,31,0,2,15,1,1,2,3,1,1,1,614
10000180,3,1,3,14:12,FL,10037,1,0,9,f,3,49,49,0,1,8,2,1,1,3,1,3,3,654
10000182,7,1,3,17:34,WY,10180,1,1,5,f,NA,42,42,0,3,3,1,0,2,2,0,1,4,618
10000183,11,1,2,14:23,FL,10181,1,0,3,e,3,57,57,0,4,13,1,1,3,3,1,2,3,634
10000184,5,1,1,14:38,FL,10182,1,1,8,d,2,64,64,0,3,15,1,0,3,3,0,1,3,612
10000187,9,1,1,17:47,CO,10056,1,0,6,d,NA,27,27,0,3,10,1,1,2,3,0,1,2,634
10000188,7,1,4,11:36,AL,10185,2,0,2,h,1,64,64,1,3,1,1,1,3,3,1,2,4,587
10000189,10,1,2,14:13,MO,10186,1,0,7,d,NA,18,18,0,1,4,1,0,1,2,0,2,2,690
10000190,8,1,1,13:37,NM,10187,1,1,12,g,3,63,63,0,2,4,1,1,2,2,1,1,4,661
10000191,10,1,2,11:41,FL,10188,1,1,2,f,1,75,75,1,3,8,1,0,3,2,1,2,4,654
10000192,6,1,0,10:41,NV,10189,1,0,7,d,3,20,20,0,1,2,1,1,1,1,0,2,1,768
10000193,10,1,0,14:24,PA,10190,1,0,1,e,NA,21,21,0,3,3,1,0,2,3,0,2,4,687
10000194,7,1,0,16:28,NY,10191,1,1,7,e,3,52,52,0,4,15,2,0,4,3,1,0,2,615
10000197,8,1,0,16:56,MD,10194,1,0,9,d,3,23,23,0,2,1,0,1,2,2,0,0,2,669
10000198,8,1,4,09:17,IN,10195,1,1,8,e,1,35,35,0,3,5,1,1,3,3,0,2,1,583
10000200,5,1,1,15:17,NE,10197,1,0,9,h,1,46,46,0,1,3,2,1,3,3,1,3,2,584
10000203,4,1,4,08:42,RI,10200,1,1,1,f,2,66,66,0,3,7,1,1,3,3,1,1,1,636
10000205,8,1,3,16:18,OH,10202,2,1,3,g,2,38,37,1,3,13,1,0,3,3,0,1,3,629
10000206,11,1,0,15:09,OH,10203,1,0,0,e,NA,30,30,0,1,0,1,1,1,2,1,2,3,661
10000208,5,1,3,19:00,WA,10205,1,1,4,d,NA,25,25,0,4,3,2,0,3,3,1,1,2,653
10000209,4,1,1,12:53,NY,10206,2,1,7,g,4,52,23,0,4,4,2,0,4,3,0,0,2,666
10000210,6,1,2,16:43,UT,10207,2,1,10,f,3,75,75,1,2,8,1,0,2,3,0,2,1,572
10000211,10,1,3,15:45,OH,10208,1,1,16,f,4,35,35,0,1,10,0,0,3,3,0,0,2,550
10000212,7,1,0,08:49,WV,10209,1,0,13,d,1,75,75,0,3,15,0,0,3,3,0,2,1,585
10000214,7,1,4,09:29,PA,10211,1,0,16,e,NA,26,26,0,1,2,0,0,1,1,0,0,1,623
10000215,9,1,0,14:48,FL,10212,1,1,16,e,4,68,68,0,3,14,0,0,3,3,0,2,3,647
10000216,10,1,0,11:17,FL,10213,1,1,12,e,4,52,52,0,1,9,2,0,1,3,1,2,3,625
10000217,8,1,0,14:26,FL,10214,1,1,7,d,3,75,72,1,1,6,2,0,1,2,0,3,3,674
10000218,8,1,3,11:55,ID,10215,2,1,8,e,1,61,18,0,2,2,2,1,2,2,0,3,3,621
10000220,6,1,2,14:49,PA,10217,1,1,10,g,NA,61,22,0,NA,NA,0,0,1,1,0,0,2,589
10000221,6,1,1,12:25,IN,10218,1,0,15,d,3,24,24,0,2,0,0,0,2,2,0,0,1,572
10000224,7,1,4,13:06,NY,10221,1,0,4,f,3,22,22,0,2,1,1,0,3,3,0,0,2,697
10000227,8,1,4,17:08,ME,10071,1,0,11,e,NA,23,23,0,3,6,1,0,3,3,0,1,1,653
10000228,9,1,4,16:16,PA,10224,1,1,11,d,NA,44,44,0,3,6,1,0,3,3,1,2,1,649
10000229,8,1,3,11:37,OK,10225,1,0,5,f,NA,33,33,0,2,2,2,1,1,1,0,2,2,698
10000230,9,1,4,18:38,KS,10226,2,1,10,e,NA,34,34,1,3,1,1,0,3,3,0,2,2,677
10000236,8,1,4,20:30,MO,10232,2,0,7,f,NA,31,30,0,1,2,1,1,1,2,1,2,2,700
10000239,6,1,0,09:08,MD,10235,2,1,1,e,2,33,33,1,2,3,1,1,2,3,1,1,3,671
10000240,8,1,0,14:20,NY,10236,1,0,6,g,4,54,54,0,4,2,1,1,4,3,1,0,2,659
10000242,5,1,1,10:47,ND,10238,1,0,9,f,2,52,52,0,2,6,1,1,2,2,1,1,2,591
10000243,9,1,3,08:58,FL,10239,1,0,18,d,2,28,28,0,1,12,0,0,1,2,0,0,4,623
10000245,7,1,3,09:13,FL,10241,1,1,17,e,1,44,44,0,3,15,1,0,3,3,1,2,3,607
10000246,5,1,2,12:59,FL,10242,1,1,7,d,2,32,32,0,2,6,1,1,2,3,1,2,4,684
10000248,7,1,0,11:14,WV,10244,1,1,4,e,NA,20,20,0,3,3,1,1,3,2,0,1,2,692
10000250,8,1,0,11:51,MS,10246,2,0,3,d,NA,61,60,1,2,2,1,1,1,1,1,2,2,673
10000252,9,1,4,15:06,FL,10248,1,1,8,f,4,31,31,0,1,7,1,0,1,3,1,2,3,694
10000253,4,1,4,14:03,RI,10249,1,0,2,e,NA,43,43,0,3,2,1,1,3,3,1,2,1,712
10000254,5,1,4,15:58,NV,10250,2,1,18,e,NA,28,26,1,2,3,0,0,1,2,0,0,3,575
10000255,7,1,4,13:48,FL,10251,2,0,14,e,3,75,33,0,3,15,0,0,1,2,0,0,3,678
10000256,4,1,2,12:17,MD,10252,1,1,2,e,3,54,54,0,1,2,1,1,2,2,0,1,2,654
10000259,6,1,2,11:29,ME,10083,2,1,1,d,4,48,30,0,1,14,2,0,3,3,1,1,2,623
10000261,7,1,3,16:10,CO,10256,1,1,6,e,4,32,32,0,3,6,2,1,3,3,1,2,1,622
10000262,6,1,0,17:05,KY,10257,1,0,11,d,NA,36,36,0,1,2,0,0,1,1,0,0,2,608
10000263,7,1,1,12:55,IN,10258,1,0,7,d,3,26,26,0,2,1,2,0,2,2,1,1,1,624
10000264,7,1,3,10:28,NY,10259,1,0,4,g,4,70,70,0,3,3,1,1,3,3,1,0,2,698
10000265,9,1,1,15:05,AL,10260,1,1,10,h,NA,55,55,0,1,2,1,1,1,3,0,2,2,683
10000266,6,1,4,11:24,PA,10261,1,0,5,e,NA,27,27,0,2,1,0,0,1,3,0,0,2,621
10000269,6,1,4,15:25,OK,10264,1,0,6,c,NA,24,24,0,2,2,1,1,1,2,0,2,2,651
10000271,4,1,0,17:02,MO,10266,2,1,10,g,NA,38,36,1,3,12,1,1,3,3,1,1,2,618
10000275,3,1,1,18:03,WA,10271,1,1,10,f,NA,36,36,0,4,8,1,1,3,3,1,1,2,704
10000277,7,1,3,14:31,FL,10273,1,1,12,d,1,73,73,0,1,9,1,0,1,2,1,2,3,583
10000278,9,1,3,09:42,MD,10274,1,1,7,f,1,52,52,0,3,3,1,1,3,2,1,2,1,626
10000281,3,1,0,13:26,PA,10277,1,1,6,e,NA,75,75,0,1,3,2,0,1,3,0,3,2,709
10000282,9,1,1,12:04,PA,10278,1,0,8,e,4,57,57,0,3,6,1,1,3,3,1,2,1,602
10000283,5,1,2,14:24,OH,10279,1,1,8,d,NA,41,41,0,2,2,1,0,1,1,1,2,3,592
10000284,10,1,4,14:45,PA,10280,1,0,6,f,2,50,16,0,3,4,1,1,3,3,1,2,3,598
10000287,4,1,3,13:27,WA,10283,1,1,8,g,2,61,61,0,4,7,2,0,4,3,0,1,2,576
10000288,7,1,2,14:26,AR,10284,2,0,15,d,NA,48,42,1,1,1,0,0,1,2,0,0,2,574
10000293,5,1,2,12:51,DE,10289,1,0,7,e,2,51,51,0,3,15,1,0,3,2,1,1,2,666
10000294,10,1,2,14:12,FL,10290,4,0,12,f,3,62,18,1,4,7,1,1,2,3,1,2,3,670
10000295,8,1,4,14:31,MD,10291,2,1,11,c,4,67,60,1,3,4,1,0,3,2,0,2,1,672
10000299,6,1,3,16:35,AR,10295,2,1,1,d,NA,40,17,0,2,3,1,1,2,2,1,2,1,727
10000305,9,1,0,09:39,FL,10301,1,0,14,d,3,23,23,0,4,1,1,1,3,3,1,1,3,721
10000306,8,1,4,11:26,FL,10302,1,0,11,d,1,30,30,0,4,3,1,1,4,3,1,2,3,635
10000307,8,1,0,15:04,FL,10303,2,1,11,e,1,73,73,1,4,1,1,1,4,3,1,1,4,697
10000308,7,1,1,12:16,TN,10304,2,1,5,d,NA,39,28,1,3,3,1,1,3,3,1,0,2,621
10000310,9,1,3,17:12,OH,10305,1,0,14,d,NA,24,24,0,3,5,0,1,3,3,0,0,3,585
10000311,4,1,1,15:59,FL,10306,1,1,6,e,1,63,63,0,2,7,1,1,2,3,1,2,3,603
10000314,10,1,4,10:59,NY,10309,1,1,5,d,1,64,61,1,4,2,1,0,4,3,1,0,3,587
10000316,9,1,0,11:57,NY,10311,2,0,14,f,1,55,44,1,2,15,0,0,3,3,1,0,3,617
10000318,5,1,3,12:28,GA,10313,1,1,9,e,4,51,51,0,1,8,0,0,2,3,0,0,3,589
10000320,10,1,2,16:06,AL,10315,2,1,11,f,4,28,23,1,1,3,1,1,2,2,1,1,1,629
10000321,8,1,0,10:37,PA,10316,1,1,16,e,4,46,46,0,3,4,1,1,3,3,1,1,4,638
10000324,10,1,4,15:53,OK,10319,1,0,12,g,NA,40,40,0,1,2,0,0,1,2,0,0,2,591
10000330,4,1,2,15:48,MD,10325,1,1,5,e,1,47,16,0,3,9,1,0,3,3,0,2,2,627
10000331,4,1,1,16:46,RI,10326,1,1,10,f,NA,28,28,0,3,6,1,0,3,3,1,2,1,667
10000332,8,1,1,09:41,FL,10327,1,0,12,e,3,18,18,0,4,1,1,0,1,2,0,2,3,722
10000334,9,1,0,10:08,CT,10329,1,0,15,e,4,72,72,0,1,1,0,1,1,3,0,0,1,612
10000335,4,1,2,15:41,MS,10330,1,0,11,g,NA,43,43,0,2,3,1,1,2,2,0,2,1,691
10000336,5,1,4,08:42,FL,10331,2,1,3,g,2,51,40,1,4,4,1,0,2,3,0,2,3,667
10000337,9,1,3,13:28,NY,10332,1,0,10,f,2,25,25,0,3,7,1,1,3,3,1,0,2,668
10000338,10,1,4,15:54,CO,10333,1,1,3,f,3,49,49,0,3,0,1,1,3,3,0,2,1,605
10000339,5,1,4,13:05,PA,10107,1,1,6,f,2,75,75,0,1,6,1,0,3,2,1,1,3,667
10000344,5,1,0,14:42,NY,10338,2,1,1,e,1,73,68,0,3,6,1,1,3,3,1,0,3,679
10000345,8,1,4,16:07,OH,10339,1,1,1,f,NA,36,36,0,4,5,1,0,4,3,0,2,3,601
10000346,7,1,1,14:57,FL,10340,1,0,2,g,1,29,29,0,4,1,1,1,4,3,1,1,3,631
10000347,9,1,0,09:53,IN,10341,1,0,6,e,3,25,25,0,3,5,1,1,2,3,1,2,1,659
10000348,11,1,5,09:44,FL,10342,2,1,6,g,2,75,75,1,4,2,1,1,3,3,1,2,3,615
10000349,7,1,0,10:07,CT,10343,1,1,11,e,4,26,26,0,3,7,1,0,3,3,1,0,4,638
10000350,8,1,3,09:09,FL,10344,1,1,12,e,1,70,70,0,1,15,1,0,1,1,0,2,3,580
10000351,7,1,3,12:11,AL,10345,1,1,13,e,4,63,63,0,1,7,1,1,1,1,1,2,2,577
10000353,4,1,2,08:34,NH,10348,1,0,8,e,NA,19,19,0,3,4,1,0,3,3,0,2,1,704
10000354,8,1,0,16:05,NY,10350,1,1,8,f,1,59,59,0,4,6,1,1,4,3,1,0,2,607
10000355,9,1,2,09:08,OH,10351,1,1,14,d,3,67,67,0,3,15,1,1,3,3,0,1,3,603
10000357,7,1,2,14:21,FL,10353,2,1,16,f,3,36,33,0,2,3,1,0,2,3,0,1,3,654
10000359,10,1,0,15:26,FL,10355,1,1,1,e,1,27,27,0,3,4,2,0,3,3,1,3,3,643
10000360,11,1,2,21:53,MD,10356,1,0,11,f,3,49,49,0,2,5,0,1,2,3,0,0,3,609
10000361,6,1,2,18:00,WA,10358,1,0,2,f,NA,32,32,0,4,8,1,0,4,3,1,1,3,665
10000362,4,1,2,13:23,PA,10359,1,0,18,e,NA,19,19,0,3,2,0,0,1,2,0,0,2,657
10000363,7,1,3,15:02,MD,10360,1,0,2,d,3,24,24,0,3,2,1,0,3,3,1,2,2,681
10000365,5,1,1,13:54,NY,10362,1,0,5,g,1,47,47,0,3,15,1,1,3,3,0,0,4,640
10000367,4,1,3,14:31,MD,10364,1,1,9,f,1,28,28,0,3,13,1,1,3,3,0,2,3,645
10000368,6,1,4,10:15,FL,10365,1,1,3,e,1,49,49,0,3,13,1,1,3,3,1,2,3,654
10000369,7,1,2,08:35,CT,10366,1,0,10,g,4,25,25,0,3,3,1,0,3,3,1,0,1,672
10000371,9,1,4,14:21,TN,10368,1,0,1,e,NA,25,24,0,2,5,1,1,2,2,1,2,1,671
10000374,5,1,0,09:28,NY,10370,2,1,1,e,1,66,61,1,3,3,1,1,3,2,1,0,1,660
10000375,8,1,2,10:13,MO,10371,1,0,8,d,3,19,19,0,1,3,1,0,1,1,0,2,2,667
10000376,5,1,3,13:09,PA,10372,2,1,19,e,NA,37,35,0,3,3,0,0,2,2,0,0,4,632
10000377,6,1,0,12:25,IN,10373,1,1,6,e,4,27,27,0,3,5,1,0,3,3,0,2,1,618
10000378,7,1,3,13:34,NY,10374,1,1,1,i,2,47,47,0,1,3,2,0,1,1,1,0,2,744
10000379,3,1,3,17:40,UT,10375,2,1,7,d,NA,25,25,1,1,2,1,1,1,3,0,2,1,571
10000381,5,1,4,15:26,FL,10377,1,1,6,e,1,71,71,0,3,15,1,1,3,3,0,1,3,567
10000383,6,1,1,12:35,FL,10030,1,1,3,f,1,39,39,0,3,10,1,1,3,3,1,1,4,670
10000385,8,1,3,08:41,FL,10380,1,1,1,f,3,37,37,0,2,4,1,1,2,2,1,2,3,649
10000386,9,1,3,18:23,NY,10381,2,0,6,d,3,23,23,1,4,2,1,0,2,3,0,0,1,652
10000388,9,1,4,17:00,NY,10383,2,1,1,g,1,56,54,1,3,14,1,0,3,3,0,0,2,648
10000389,8,1,2,10:59,FL,10384,2,0,1,g,1,72,71,1,2,15,1,0,2,3,1,2,3,619
10000391,10,1,0,12:11,FL,10386,2,1,5,g,2,52,52,1,3,2,2,0,3,3,0,3,3,620
10000392,6,1,2,08:00,NY,10387,1,1,7,e,2,65,65,0,3,7,1,0,3,3,0,0,2,589
10000393,7,1,0,15:57,NY,10388,1,0,7,h,2,25,25,0,3,2,2,1,3,3,0,0,2,697
10000394,9,1,0,12:43,PA,10389,1,0,1,e,4,23,23,0,3,8,1,0,3,3,1,1,3,674
10000395,8,1,2,15:31,NY,10390,2,0,2,f,3,30,26,1,3,4,2,0,3,3,1,0,3,652
10000396,8,1,3,16:13,TN,10391,1,0,3,f,NA,28,28,0,3,13,1,0,3,2,0,1,1,622
10000397,7,1,4,19:00,OR,10392,1,1,6,e,NA,60,60,0,2,3,1,1,3,3,1,1,2,646
10000398,7,1,1,11:00,FL,10393,1,1,4,f,2,70,70,0,1,4,1,0,2,3,0,2,3,633
10000400,8,1,2,10:55,CO,10394,1,0,10,f,4,30,30,0,3,9,0,1,3,3,0,0,3,586
10000401,7,1,3,11:10,UT,10395,1,0,8,d,NA,32,32,0,4,2,2,1,1,2,1,2,3,597
10000402,9,1,4,16:26,PA,10396,2,1,6,g,NA,32,23,1,1,0,1,0,1,1,1,2,1,748
10000403,5,1,2,15:57,TN,10397,2,0,7,f,NA,27,25,1,4,6,1,1,1,2,1,2,2,659
10000404,6,1,2,09:13,NY,10398,1,1,2,f,3,62,62,0,3,7,1,1,3,3,1,0,1,637
10000405,5,1,2,15:55,MD,10399,1,0,2,e,2,42,42,0,1,4,1,0,3,3,1,2,2,679
10000406,6,1,0,11:12,NY,10400,2,0,0,h,2,28,28,1,NA,NA,2,0,3,3,0,0,1,733
10000407,5,1,0,11:37,FL,10401,1,1,5,f,4,41,41,0,3,1,2,0,3,3,1,3,3,706
10000408,7,1,3,10:20,NY,10402,1,0,1,f,2,25,25,0,3,5,2,0,3,3,1,0,3,685
10000410,9,1,1,11:14,MS,10404,1,0,6,f,3,75,75,0,1,1,2,1,1,1,1,3,1,669
10000411,7,1,2,14:05,PA,10405,1,0,12,f,NA,28,28,0,2,2,0,0,2,3,0,0,2,614
10000412,3,1,3,15:16,NY,10101,1,1,14,f,1,52,52,0,4,15,1,0,3,3,1,0,2,640
10000415,7,1,2,16:22,CO,10408,2,1,10,h,4,57,55,1,1,15,0,0,1,2,0,0,2,544
10000416,8,1,3,10:42,FL,10409,1,1,1,e,2,32,32,0,1,1,1,1,1,2,1,1,3,622
10000417,9,1,1,13:20,FL,10410,1,0,1,f,2,33,33,0,1,15,1,1,3,3,1,1,3,698
10000418,8,1,4,16:51,CT,10411,1,0,2,e,NA,24,24,0,1,1,2,0,1,1,1,0,1,706
10000420,9,1,2,18:58,NH,10348,2,1,14,e,NA,47,47,1,1,1,0,0,1,1,0,0,2,568
10000422,6,1,4,13:21,MD,10414,1,0,18,d,4,33,33,0,1,2,0,0,1,1,0,0,2,632
10000423,11,1,2,15:04,NV,10415,1,0,15,f,NA,35,35,0,1,7,2,0,1,3,0,2,3,614
10000425,8,1,0,09:22,NY,10417,1,1,14,e,1,48,48,0,3,3,0,0,2,3,0,0,2,505
10000426,7,1,1,16:21,WI,10418,2,0,3,f,NA,33,32,1,2,7,1,1,2,3,1,2,4,630
10000428,3,1,1,14:01,KY,10420,1,1,11,e,NA,59,59,0,2,0,1,1,1,3,1,2,2,646
10000429,6,1,0,13:48,OR,10421,1,1,8,f,3,49,49,0,3,9,2,0,3,3,0,1,3,625
10000430,9,1,1,07:53,PA,10422,1,1,10,e,2,75,73,1,4,1,1,0,3,2,0,1,1,606
10000433,9,1,0,08:48,NY,10425,1,0,8,d,2,61,61,0,3,4,1,0,3,3,0,0,2,612
10000435,8,1,4,16:38,NM,10427,1,1,1,d,NA,68,68,0,1,0,1,1,1,1,1,2,4,641
10000437,5,1,1,14:04,AL,10429,1,0,11,f,3,25,25,0,1,3,0,0,1,2,0,0,2,604
10000441,6,1,4,13:38,FL,10433,1,0,14,e,4,58,58,0,1,15,0,0,1,3,0,1,4,671
10000443,5,1,2,14:19,PA,10434,1,0,7,d,NA,20,20,0,3,3,0,0,2,3,1,1,2,651
10000444,10,1,1,11:20,MD,10435,1,0,9,e,4,23,23,0,2,2,1,0,2,2,1,2,1,707
10000445,9,1,0,09:54,NY,10436,1,1,19,e,2,75,75,0,3,15,0,0,3,3,0,0,2,612
10000446,6,1,0,13:23,IN,10437,1,0,11,e,1,74,74,0,2,15,0,0,1,2,0,0,1,545
10000447,8,1,4,11:45,MS,10438,1,0,3,f,NA,30,30,0,1,1,1,1,1,1,1,1,1,704
10000448,8,1,0,12:28,PA,10439,1,1,28,b,3,55,52,1,1,3,0,1,1,3,0,0,1,554
10000449,5,1,4,10:40,NY,10440,2,1,3,h,3,45,40,1,3,15,1,1,3,3,1,0,2,627
10000450,7,1,2,13:26,MD,10441,1,0,1,e,2,22,22,0,4,6,1,1,3,3,1,2,1,659
10000451,4,1,2,14:16,AL,10442,2,1,4,f,NA,75,30,1,3,15,1,1,3,2,0,1,2,660
10000452,8,1,1,07:20,FL,10443,1,0,4,e,3,24,24,0,3,2,1,0,1,3,0,1,3,639
10000453,7,1,3,15:52,KS,10444,1,1,8,f,NA,24,24,0,3,9,1,0,3,3,0,2,1,627
10000454,9,1,4,16:38,IA,10445,1,0,13,f,4,42,42,0,3,2,1,0,3,3,0,2,2,595
10000455,4,1,0,08:33,NY,10446,1,1,11,e,1,63,63,0,3,11,0,0,3,3,0,0,2,535
10000457,8,1,1,11:45,FL,10448,1,0,13,d,2,23,23,0,3,1,1,1,2,2,0,2,4,646
10000458,8,1,1,16:53,FL,10449,1,1,4,e,3,73,73,0,3,7,1,1,1,2,1,2,4,641
10000459,8,1,4,14:23,OH,10450,1,1,9,e,NA,50,50,0,1,1,1,1,1,1,1,2,3,656
10000460,5,1,1,16:57,AL,10451,2,1,14,f,NA,41,17,0,2,1,1,1,2,3,0,2,3,666
10000463,5,1,0,08:36,OH,10454,1,1,24,e,2,75,75,0,3,15,0,0,3,3,0,0,3,548
10000465,5,1,2,10:08,NY,10455,2,0,17,d,2,36,18,0,4,3,0,1,4,3,0,0,2,669
10000468,9,1,4,11:04,OH,10457,2,0,10,f,NA,56,55,1,3,0,1,1,3,3,1,1,2,631
10000469,9,1,2,13:09,NV,10314,2,1,9,h,2,68,66,1,2,4,0,0,2,2,0,0,1,564
10000471,7,1,2,15:01,OH,10458,2,1,7,f,4,62,62,1,4,11,1,0,4,3,1,2,3,611
10000473,7,1,1,13:58,GA,10460,2,1,18,d,NA,48,18,0,2,1,0,0,2,3,0,0,2,660
10000474,7,1,2,16:21,TN,10461,1,1,3,g,4,67,67,0,3,3,1,1,3,3,1,2,1,616
10000476,6,1,0,16:13,OR,10463,1,0,9,d,NA,22,22,0,NA,NA,1,1,2,2,1,1,1,613
10000478,5,1,3,13:15,MD,10464,1,0,2,e,4,45,45,0,1,1,2,1,3,3,1,1,4,669
10000479,9,1,0,17:31,FL,10216,2,1,17,e,1,75,75,1,4,10,0,1,1,3,0,0,3,583
10000481,7,1,3,17:46,CO,10466,1,0,13,d,NA,44,44,0,1,1,0,0,1,3,0,0,1,560
10000482,10,1,4,12:30,OR,10467,1,0,9,e,NA,50,50,0,2,15,1,1,3,3,0,2,2,647
10000483,4,1,4,09:49,NY,10468,1,1,2,g,1,71,71,0,4,4,1,1,4,3,1,0,4,666
10000484,8,1,1,16:25,FL,10469,1,1,2,f,1,49,49,0,3,10,1,1,3,3,1,2,3,644
10000485,5,1,3,16:10,PA,10211,1,1,7,e,NA,26,26,0,1,3,1,1,1,1,1,2,1,662
10000486,9,1,0,09:34,ME,10228,1,1,12,e,NA,42,42,0,3,3,1,0,3,2,0,2,1,580
10000487,9,1,4,15:58,AL,10470,2,0,12,f,NA,22,20,1,3,6,0,1,1,1,0,0,2,605
10000488,9,1,3,13:11,FL,10471,1,0,5,g,2,24,24,0,2,1,1,0,2,3,1,2,3,671
10000489,6,1,2,15:15,PA,10439,1,1,21,e,NA,46,46,0,1,2,0,1,1,3,0,0,2,631
10000490,8,1,0,12:35,PA,10472,1,0,2,e,4,47,46,1,1,13,2,0,1,2,0,2,2,601
10000491,5,1,0,13:06,WI,10473,1,1,3,e,NA,62,62,0,3,12,1,0,3,3,1,2,1,626
10000494,7,1,1,13:58,AL,10476,1,0,16,e,3,29,29,0,3,7,1,0,2,2,0,2,2,601
10000495,5,1,0,15:08,MD,10477,2,1,14,d,4,42,40,1,3,11,0,0,3,3,0,0,4,606
10000497,7,1,3,14:36,PA,10479,2,1,6,f,2,75,31,0,3,9,1,1,4,3,1,2,3,630
10000499,5,1,0,13:21,UT,10207,2,0,6,e,3,33,28,1,2,15,1,1,2,3,1,2,3,591
10000500,7,1,4,13:36,PA,10481,1,0,3,g,NA,45,45,0,3,0,1,1,3,3,1,1,4,669
10000501,7,1,2,08:00,AL,10482,1,1,12,e,4,25,25,0,1,5,1,0,2,3,0,2,4,619
10000502,11,1,4,09:37,KY,10483,2,0,2,e,3,54,23,0,2,2,1,1,2,2,1,2,1,687
10000504,9,1,4,16:02,NY,10485,1,0,6,e,1,61,61,0,3,1,1,0,3,2,0,0,3,616
10000505,3,1,5,17:08,WA,10007,2,1,2,e,4,45,41,1,3,5,1,0,3,3,0,1,4,604
10000509,7,1,1,09:44,NH,10348,2,1,14,e,NA,58,21,1,2,15,0,0,1,3,0,0,2,547
10000510,6,1,0,16:35,NE,10489,1,1,12,f,1,75,75,0,4,7,1,1,4,3,0,1,3,606
10000511,5,1,0,12:31,NV,10490,2,1,5,d,1,73,69,1,3,2,1,0,3,3,1,2,1,663
10000512,8,1,0,15:17,MO,10491,1,0,11,g,3,20,20,0,4,2,1,0,1,2,0,2,2,625
10000516,6,1,0,17:07,KY,10495,1,1,8,f,NA,70,70,0,3,5,1,0,3,3,0,2,1,655
10000518,5,1,1,10:38,DE,10497,1,1,6,g,1,68,68,0,3,10,2,0,3,3,0,1,2,646
10000521,7,1,2,09:13,MD,10500,1,0,11,f,3,36,36,0,3,4,1,0,3,2,1,1,2,632
10000529,5,1,0,14:00,ND,10238,1,0,2,e,NA,25,25,0,2,0,2,0,2,3,0,2,2,684
10000532,7,1,2,13:00,NY,10511,1,0,1,h,2,45,45,0,3,0,1,1,3,2,1,0,2,718
10000533,6,1,3,10:14,NY,10512,1,0,2,h,1,43,43,0,1,6,1,1,3,3,1,0,1,690
10000534,6,1,2,13:24,UT,10513,1,0,8,g,NA,51,51,0,3,1,1,1,3,3,0,1,1,646
10000537,4,1,4,09:44,AR,10515,1,1,10,g,4,35,35,0,1,15,2,1,1,1,0,3,2,619
10000538,9,1,4,15:24,ND,10516,1,0,2,g,NA,22,22,0,NA,NA,2,1,2,2,0,3,2,756
10000541,7,1,4,13:55,FL,10518,2,1,10,f,3,63,59,1,4,6,1,0,4,3,1,2,3,661
10000543,6,1,0,16:01,AL,10520,2,1,8,d,4,24,24,1,3,8,0,0,3,3,0,0,2,562
10000546,4,1,1,12:43,OH,10523,1,0,5,d,NA,21,21,0,2,1,1,1,3,3,1,2,3,668
10000547,9,1,1,14:50,FL,10524,1,0,10,f,1,75,64,1,2,15,1,1,2,2,1,2,3,633
10000548,8,1,3,15:42,DC,10525,1,0,19,c,NA,49,49,0,2,0,0,1,2,2,0,0,2,603
10000549,3,1,0,13:48,MD,10526,2,1,11,f,1,67,66,1,4,3,2,0,4,3,1,2,4,586
10000550,11,1,0,15:46,NV,10527,1,0,0,f,1,54,54,0,3,5,2,0,3,3,0,1,3,604
10000551,3,1,4,16:47,CO,10528,1,0,7,g,4,22,22,0,3,3,2,0,1,3,0,2,3,628
10000552,6,1,3,11:25,IN,10529,1,1,6,h,2,43,43,0,4,7,1,0,4,3,1,1,3,648
10000558,8,1,3,14:40,FL,10534,2,0,4,f,3,69,54,1,3,4,1,1,3,3,1,2,4,721
10000561,7,1,2,13:48,OR,10367,1,1,12,e,2,68,68,0,4,11,1,0,4,3,1,1,3,588
10000562,3,1,2,15:38,NV,10538,1,1,9,f,4,54,54,0,1,5,2,1,1,3,1,2,3,623
10000563,3,1,1,16:03,OH,10539,1,0,6,e,NA,24,24,0,3,5,0,1,3,3,1,2,2,651
10000565,4,1,2,08:21,ME,10071,1,0,16,d,NA,19,19,0,3,1,0,0,3,3,0,0,1,633
10000566,9,1,2,15:38,FL,10303,1,1,8,d,2,69,69,0,2,15,1,1,2,2,1,1,3,660
10000567,6,1,2,17:09,CO,10541,2,1,3,f,NA,68,65,1,3,15,1,0,3,3,0,1,2,625
10000568,5,1,1,09:19,NY,10542,2,1,3,e,4,58,57,1,3,3,1,1,3,3,1,0,2,736
10000569,7,1,0,19:27,WA,10543,1,1,1,e,4,25,25,0,3,3,1,1,3,2,1,1,3,637
10000571,8,1,4,15:13,NY,10545,1,1,6,f,2,63,63,0,1,2,1,0,1,2,0,0,2,637
10000572,7,1,0,13:05,CT,10546,2,0,2,c,NA,42,32,1,2,6,2,1,2,3,0,0,1,629
10000573,6,1,4,16:13,IA,10547,1,0,10,f,NA,41,41,0,1,1,1,1,3,3,1,2,1,578
10000574,4,1,4,13:09,NY,10548,1,0,5,e,2,25,25,0,2,6,1,1,2,3,0,0,3,627
10000576,6,1,4,11:36,NY,10549,1,0,3,f,3,23,23,0,3,6,2,0,3,3,0,0,3,670
10000577,7,1,4,13:48,PA,10280,1,1,9,e,NA,22,22,0,3,6,0,0,1,2,0,2,3,626
10000578,7,1,1,12:34,FL,10550,1,1,2,d,1,58,58,0,1,7,1,1,3,3,0,1,3,654
10000580,9,1,0,16:38,AL,10552,1,0,8,i,NA,42,42,0,1,4,2,0,1,1,0,3,2,704
10000581,6,1,2,15:23,OK,10553,1,1,8,f,4,51,51,0,2,1,0,1,2,2,0,0,1,589
10000583,7,1,4,14:04,IN,10166,1,0,9,c,4,20,20,0,1,4,1,0,2,3,0,2,1,660
10000585,9,1,4,12:10,NY,10555,1,1,15,d,1,53,53,0,3,1,0,0,2,3,0,0,2,638
10000586,5,1,0,14:05,OK,10556,2,0,20,d,NA,37,17,1,1,15,0,0,1,1,0,0,2,592
10000587,8,1,0,15:47,PA,10557,1,1,1,e,NA,66,66,0,3,15,2,0,3,3,1,1,3,651
10000589,10,1,3,11:43,NY,10559,2,1,4,g,3,49,47,1,4,7,1,1,4,3,1,0,4,690
10000590,4,1,0,14:44,TN,10560,2,1,14,e,4,75,73,1,2,11,1,1,2,2,1,1,1,627
10000593,6,1,1,16:02,OH,10245,1,0,5,e,NA,25,25,0,1,0,2,0,1,1,0,3,3,652
10000594,5,1,3,09:14,AL,10562,1,1,8,f,1,58,58,0,3,1,1,1,3,2,0,2,1,593
10000595,7,1,1,16:12,CO,10563,1,0,42,a,NA,70,70,0,4,1,0,0,1,1,0,0,2,633
10000596,6,1,2,11:57,FL,10564,1,1,13,g,1,74,74,0,3,5,1,1,3,3,1,2,3,620
10000598,7,1,3,12:42,OH,10450,1,0,8,g,4,58,58,0,3,2,1,1,3,3,1,2,3,586
10000600,8,1,4,08:58,IN,10567,2,0,12,f,3,48,19,0,3,4,0,0,1,2,0,0,2,619
10000601,9,1,1,11:32,OH,10568,1,0,8,f,NA,35,35,0,1,15,1,0,1,3,0,2,3,615
10000603,8,1,0,12:25,ME,10570,2,1,16,e,NA,55,49,1,3,2,0,0,3,3,0,0,2,554
10000608,8,1,2,12:06,NY,10574,3,1,15,f,1,75,19,1,3,15,1,1,2,3,1,0,4,688
10000609,10,1,3,17:16,KY,10575,1,0,11,e,NA,21,21,0,2,2,0,0,1,2,0,0,2,666
10000611,10,1,1,17:42,UT,10577,1,0,7,e,4,24,24,0,3,8,1,0,3,3,0,2,2,620
10000614,8,1,0,11:32,CO,10308,1,0,24,c,NA,30,30,0,1,2,0,1,1,2,0,0,1,592
10000615,5,1,2,15:58,WI,10580,2,0,3,f,4,54,19,0,3,11,2,0,3,3,0,1,3,664
10000616,9,1,0,15:22,CT,10581,2,1,1,g,4,46,45,1,4,5,1,0,3,3,1,0,4,619
10000618,8,1,4,10:56,CT,10583,1,0,5,f,NA,47,47,0,3,15,1,0,3,3,1,0,1,621
10000619,4,1,1,16:24,KY,10584,1,0,4,e,NA,24,24,0,1,0,1,1,1,3,1,2,1,679
10000622,8,1,2,15:55,MD,10587,1,1,1,f,4,51,51,0,1,2,2,0,1,1,0,3,3,682
10000624,7,1,4,18:13,CO,10589,1,0,1,g,4,28,28,0,4,5,1,0,4,3,0,1,2,697
10000628,7,1,0,09:00,PA,10593,1,0,9,d,1,58,58,0,2,15,2,0,2,2,0,1,2,609
10000630,8,1,3,13:49,NH,10594,1,0,17,e,NA,20,20,0,3,5,0,0,3,3,0,0,1,560
10000631,7,1,2,09:59,NY,10595,1,0,8,g,4,45,45,0,2,7,2,1,2,2,1,0,3,704
10000633,7,1,4,14:52,ID,10597,1,0,17,d,3,18,18,0,3,1,0,1,1,1,0,0,2,661
10000636,10,1,4,11:07,OK,10600,2,1,9,e,NA,50,45,1,3,15,2,1,3,3,1,2,1,619
10000637,9,1,1,16:43,KY,10601,1,0,13,c,3,33,33,0,3,12,0,0,1,2,0,2,3,579
10000639,6,1,0,12:31,PA,10603,1,0,13,d,NA,30,30,0,1,4,0,0,1,1,0,0,1,620
10000640,3,1,4,14:34,PA,10604,1,0,13,e,NA,29,29,0,1,1,0,0,1,1,0,0,1,639
10000643,4,1,3,21:16,CO,10607,1,0,5,e,3,37,37,0,4,3,1,0,3,2,0,2,1,569
10000644,8,1,4,16:07,NH,10608,1,1,8,g,NA,48,48,0,3,15,1,0,3,3,1,2,1,603
10000647,8,1,3,12:22,MS,10428,1,1,9,g,NA,60,60,0,1,2,2,1,1,1,1,2,1,648
10000648,3,1,3,16:44,NY,10612,2,1,13,h,4,44,43,1,3,10,1,1,3,3,1,0,2,698
10000649,9,1,2,18:37,UT,10613,1,0,16,c,NA,65,65,0,1,1,0,1,1,1,0,0,1,616
10000650,5,1,0,09:24,GA,10614,1,1,2,e,4,45,45,0,2,15,1,1,2,2,1,1,2,658
10000655,4,1,3,08:59,OH,10245,1,1,15,e,NA,44,44,0,3,3,0,0,1,1,0,1,3,551
10000658,9,1,1,11:30,WI,10621,1,0,12,e,4,58,58,0,4,5,0,1,4,3,0,1,3,577
10000660,5,1,0,14:28,NY,10623,1,1,4,e,3,22,22,0,3,5,2,0,3,3,0,0,2,682
10000663,9,1,2,13:57,NV,10626,2,1,7,f,NA,43,33,1,1,9,1,1,1,3,0,1,2,649
10000664,3,1,0,15:05,OH,10627,1,1,1,d,NA,52,52,0,3,7,1,1,3,3,1,2,3,627
10000666,7,1,4,16:44,NY,10629,1,1,4,g,2,38,38,0,1,2,2,0,2,3,0,0,2,672
10000668,7,1,0,17:24,FL,10631,1,1,2,f,3,34,34,0,3,2,2,0,1,3,0,3,3,721
10000669,9,1,3,14:06,OH,10027,2,1,17,g,NA,36,17,0,1,15,0,0,1,1,0,0,3,601
10000670,6,1,1,08:32,FL,10632,1,1,11,g,1,71,71,0,3,6,1,0,3,3,0,2,3,623
10000671,9,1,2,16:09,GA,10633,2,0,8,g,NA,42,35,0,1,1,0,0,2,2,0,0,1,639
10000673,8,1,1,10:53,PA,10635,1,0,14,e,NA,63,63,0,1,2,2,1,2,3,1,2,1,630
10000674,8,1,3,16:57,MD,10441,1,0,1,e,2,25,25,0,3,3,1,1,3,3,1,2,2,656
10000675,11,1,4,14:47,PA,10636,1,0,2,e,1,75,75,0,3,1,2,0,3,3,0,3,2,648
10000676,9,1,4,13:53,FL,10637,1,0,12,f,4,56,56,0,3,5,1,0,1,3,1,1,4,703
10000677,8,1,1,13:17,FL,10239,1,1,2,f,2,55,55,0,2,15,1,1,2,3,1,2,3,626
10000680,4,1,3,09:32,NE,10489,1,0,6,g,NA,27,27,0,3,2,1,1,3,3,1,1,2,662
10000682,9,1,1,17:44,AL,10641,1,1,13,e,NA,38,38,0,1,6,0,1,1,2,0,0,1,581
10000683,10,1,2,12:46,NM,10642,1,1,10,f,NA,53,53,0,1,3,2,1,1,1,0,2,2,659
10000685,4,1,4,17:32,ID,10644,1,1,6,f,2,41,41,0,2,11,1,1,2,2,0,2,3,608
10000686,8,1,0,16:28,OH,10645,1,0,3,f,3,22,22,0,3,7,1,0,3,3,0,1,3,662
10000687,6,1,4,12:20,IN,10373,1,1,12,f,4,26,26,0,3,1,1,0,2,2,0,2,1,604
10000689,10,1,3,18:46,KY,10647,1,0,4,d,NA,46,46,0,4,5,1,1,2,3,1,2,1,699
10000690,7,1,4,08:47,AR,10648,1,0,2,d,NA,52,52,0,1,2,2,1,1,1,1,3,1,652
10000691,7,1,2,14:19,IN,10649,1,0,11,f,3,24,24,0,3,0,0,0,3,3,0,0,2,580
10000692,8,1,2,17:31,OR,10421,1,1,3,g,3,75,66,1,4,4,1,0,4,3,1,1,2,624
10000693,8,1,1,11:24,PA,10650,1,1,15,e,NA,65,61,1,2,6,0,1,2,3,0,0,3,590
10000694,5,1,1,17:43,NY,10651,2,1,8,d,2,40,33,1,2,0,0,0,1,1,0,0,1,641
10000695,5,1,4,13:20,OH,10652,1,0,16,d,NA,41,41,0,3,8,0,0,1,1,0,0,2,578
10000697,9,1,2,19:12,FL,10653,1,0,1,d,1,38,38,0,1,3,1,0,3,3,1,2,3,666
10000699,9,1,1,14:55,FL,10380,2,1,5,f,2,72,68,1,3,4,1,0,3,3,0,1,3,650
10000700,4,1,2,12:00,OH,10655,1,0,7,e,4,30,30,0,3,1,1,1,3,3,1,1,2,630
10000701,5,1,2,12:16,DE,10656,1,0,7,g,2,22,22,0,4,1,2,1,2,3,1,1,3,671
10000702,3,1,3,15:03,MO,10657,1,1,6,e,3,70,70,0,3,15,1,0,3,2,1,1,2,586
10000703,7,1,2,10:19,AL,10658,1,0,6,g,4,58,58,0,3,7,0,1,3,3,0,0,2,557
10000704,5,1,2,14:23,PA,10659,1,1,19,c,NA,69,69,0,2,1,0,0,2,2,0,0,2,622
10000706,7,1,0,15:41,MD,10661,1,1,13,e,1,56,56,0,3,15,0,1,3,3,0,2,2,578
10000708,11,1,1,13:02,AR,10663,1,1,2,e,NA,33,33,0,1,6,1,1,1,1,1,1,1,642
10000709,6,1,3,11:10,OR,10034,1,0,8,f,1,62,62,0,3,15,1,0,3,2,0,1,3,642
10000710,9,1,0,08:58,PA,10664,1,1,13,e,1,66,66,0,2,15,1,0,2,3,1,1,4,584
10000712,7,1,4,11:35,NY,10666,1,1,8,h,4,43,43,0,4,6,1,0,4,3,0,0,2,637
10000715,8,1,3,12:23,IN,10307,1,0,10,h,3,20,20,0,2,3,1,1,2,2,1,2,1,723
10000716,5,1,3,14:15,NV,10669,1,1,2,d,4,41,41,0,2,6,2,1,2,3,1,2,3,643
10000719,6,1,1,09:49,FL,10671,1,1,13,e,3,21,21,0,2,1,1,1,3,3,0,2,3,691
10000720,6,1,3,13:50,NY,10672,3,0,8,f,1,57,18,1,3,15,1,0,3,3,1,0,2,689
10000721,9,1,3,15:55,FL,10673,1,0,15,c,3,22,22,0,2,0,0,0,1,1,0,0,3,633
10000722,5,1,3,15:45,RI,10674,1,1,1,e,3,40,40,0,3,15,1,1,3,3,1,1,2,711
10000724,4,1,2,08:46,NY,10676,1,0,6,d,3,24,24,0,4,5,1,1,4,3,1,0,2,647
10000725,7,1,4,10:02,FL,10009,1,1,7,e,3,61,61,0,3,4,2,1,1,3,1,2,3,644
10000726,7,1,0,12:49,KY,10677,1,0,8,f,NA,25,25,0,1,1,2,0,1,1,0,3,1,658
10000727,9,1,3,09:39,PA,10678,1,0,10,e,3,40,40,0,1,13,1,0,1,1,1,2,3,620
10000729,11,1,4,13:17,PA,10680,2,1,3,e,NA,66,65,1,4,9,1,0,4,3,0,2,3,576
10000731,5,1,4,15:32,PA,10681,1,1,14,e,NA,44,44,0,3,5,1,0,3,3,1,2,2,660
10000732,5,1,2,10:09,AR,10378,1,1,8,f,NA,33,33,0,2,7,2,1,2,3,1,3,2,628
10000733,9,1,2,11:20,MO,10682,1,0,7,f,NA,20,20,0,2,5,1,1,2,3,1,2,2,658
10000734,3,1,0,10:29,OH,10683,3,1,2,g,4,75,24,1,4,11,1,0,4,3,1,2,3,606
10000735,5,1,4,11:00,PA,10684,1,1,7,f,NA,23,23,0,3,1,1,0,2,3,0,1,2,640
10000736,4,1,4,14:06,AR,10685,1,1,9,g,4,41,41,0,3,2,1,1,3,3,1,2,2,667
10000739,12,1,3,10:06,OK,10688,1,1,2,e,4,68,68,0,3,3,2,0,3,3,0,2,3,568
10000743,7,1,1,12:25,IN,10690,1,0,10,e,4,39,39,0,1,1,1,1,1,2,1,2,1,648
10000746,5,1,1,15:03,KY,10692,1,1,2,e,2,64,64,0,2,6,1,1,2,3,0,2,1,582
10000749,8,1,3,11:29,FL,10695,1,1,12,d,1,35,35,0,1,9,1,1,1,2,1,2,4,615
10000753,9,1,4,11:22,FL,10696,2,1,1,g,1,75,52,0,1,15,1,0,3,3,1,2,3,697
10000755,7,1,4,16:55,NY,10698,1,1,12,e,2,60,60,0,3,10,2,0,3,3,1,0,2,692
10000756,5,1,4,13:26,PA,10699,2,1,23,e,2,75,68,1,3,15,0,0,2,2,0,0,2,589
10000759,10,1,2,12:59,NY,10702,1,1,6,d,1,75,75,0,4,15,2,0,4,3,1,0,3,630
10000762,3,1,0,08:46,OH,10705,1,1,6,e,NA,22,22,0,3,2,1,1,2,2,1,1,3,642
10000763,6,1,1,14:43,MD,10706,2,1,9,e,4,60,44,1,2,0,0,1,2,2,0,0,2,654
10000764,5,1,4,13:00,OH,10707,2,1,1,g,NA,44,43,1,3,15,1,1,3,3,1,1,3,678
10000767,3,1,1,08:37,NH,10709,1,1,6,f,NA,63,63,0,1,7,1,0,1,1,0,1,2,609
10000768,4,1,4,16:59,OK,10710,1,1,1,d,NA,28,28,0,1,8,1,0,1,2,0,2,3,668
10000772,7,1,3,13:00,NY,10713,1,1,4,f,4,43,43,0,3,15,1,0,3,3,0,0,2,647
10000773,9,1,0,12:50,FL,10714,1,0,4,e,1,54,54,0,2,10,2,0,1,3,0,2,3,598
10000776,6,1,1,16:05,GA,10717,1,1,2,f,3,44,44,0,2,10,1,1,2,2,1,2,2,613
10000778,7,1,0,15:11,AL,10719,1,1,19,d,NA,29,28,1,1,2,0,0,1,2,0,0,2,575
10000780,6,1,2,12:48,ND,10516,1,1,5,d,NA,57,57,0,3,0,1,0,2,2,0,2,2,658
10000781,6,1,1,14:07,TN,10721,1,1,4,e,NA,32,32,0,3,3,1,1,2,2,1,2,2,669
10000782,6,1,1,15:15,IN,10722,2,1,1,d,3,23,20,1,3,5,1,0,3,3,0,2,1,653
10000783,6,1,4,10:13,AL,10723,1,1,5,d,3,28,28,0,3,2,1,1,3,3,1,2,2,592
10000784,7,1,4,14:23,CT,10724,1,0,4,d,NA,20,20,0,1,1,2,1,1,1,1,0,1,695
10000787,4,1,4,14:16,KS,10726,1,0,1,f,NA,38,38,0,3,2,2,1,3,3,1,3,2,675
10000791,5,1,3,15:48,IN,10324,1,1,15,d,1,26,26,0,2,4,0,0,1,1,0,0,1,543
10000792,3,1,1,13:09,CO,10728,1,1,42,a,4,27,27,0,1,0,0,1,2,2,0,0,2,630
10000795,4,1,2,14:18,AR,10731,1,0,14,f,NA,75,75,0,1,3,0,0,1,1,0,0,2,583
10000796,5,1,3,12:49,TN,10732,1,1,1,g,4,59,59,0,3,5,2,0,3,3,0,3,1,612
10000798,9,1,2,14:04,TN,10734,2,0,7,e,NA,44,34,1,2,15,1,1,2,2,1,2,1,615
10000799,6,1,2,16:18,TN,10735,1,1,8,f,NA,34,34,0,3,8,1,1,3,3,1,2,1,624
10000800,10,1,0,12:01,FL,10736,2,1,10,e,2,72,64,1,4,7,1,1,3,3,1,2,3,620
10000801,9,1,2,12:14,FL,10737,1,1,1,e,2,68,68,0,2,15,1,1,2,2,1,2,3,580
10000804,4,1,1,14:10,PA,10160,1,0,3,d,NA,42,42,0,3,15,1,0,2,3,0,2,2,657
10000805,4,1,1,10:20,NY,10739,1,1,3,e,4,29,29,0,3,2,2,1,3,3,1,0,2,729
10000806,5,1,4,12:30,NY,10740,1,1,10,g,4,41,41,0,2,13,1,1,3,3,1,0,2,678
10000808,3,1,0,12:59,NY,10742,1,1,3,g,1,70,66,1,4,3,2,0,4,3,1,0,1,698
10000809,3,1,1,10:14,KY,10483,1,0,23,c,NA,25,25,0,3,5,0,0,2,2,0,0,2,548
10000812,7,1,0,08:45,FL,10182,1,1,3,f,2,64,64,0,4,15,1,1,4,3,1,2,3,604
10000813,7,1,4,11:46,OH,10744,1,1,18,g,NA,44,44,0,1,2,0,0,3,3,0,0,3,573
10000815,7,1,4,10:23,PA,10745,1,0,7,f,NA,35,35,0,3,2,1,0,1,3,1,1,2,693
10000816,10,1,1,09:31,FL,10746,1,0,12,h,4,27,27,0,3,5,0,0,1,2,0,0,3,689
10000818,8,1,2,08:44,FL,10748,1,0,12,f,3,45,45,0,3,7,1,1,3,3,1,1,3,648
10000819,7,1,2,15:21,AL,10749,1,1,6,g,2,70,70,0,3,3,2,0,3,3,0,2,3,577
10000821,5,1,1,17:03,NY,10751,1,1,2,g,3,54,54,0,1,6,1,0,1,1,0,0,2,623
10000822,11,1,2,16:03,NM,10752,1,0,12,g,NA,44,44,0,4,15,2,1,3,3,1,1,2,654
10000823,4,1,3,17:30,RI,10753,2,1,1,f,NA,51,18,1,3,3,1,0,3,2,0,2,3,693
10000825,9,1,2,10:23,OK,10755,1,1,12,e,4,36,36,0,4,6,2,0,3,3,1,2,2,593
10000826,10,1,1,14:02,MS,10756,1,1,8,f,NA,31,31,0,1,5,1,1,1,1,1,2,2,643
10000827,9,1,3,15:01,FL,10757,1,1,3,e,3,31,31,0,2,7,1,1,2,3,1,2,4,669
10000828,7,1,1,12:31,WA,10758,1,1,15,g,4,29,29,0,1,1,1,1,1,1,1,2,4,688
10000829,7,1,4,11:04,CT,10759,1,1,16,d,NA,43,43,0,1,15,1,1,1,1,1,0,1,629
10000831,6,1,4,13:36,MT,10760,2,0,2,e,4,32,28,1,2,1,1,1,3,3,0,2,3,663
10000832,8,1,4,15:07,NY,10512,2,1,2,f,2,43,35,0,3,1,2,0,4,3,0,0,2,701
10000835,11,1,1,17:10,WI,10621,1,1,17,d,4,49,49,0,2,7,0,1,3,3,0,0,1,539
10000837,6,1,2,16:36,IA,10762,1,0,9,d,3,20,20,0,3,4,0,0,3,3,0,0,2,518
10000838,7,1,3,11:28,NY,10763,1,1,2,h,2,42,42,0,3,7,1,1,4,3,1,0,2,671
10000839,3,1,4,11:18,NH,10764,2,1,16,g,2,49,45,1,4,15,0,0,4,3,0,2,2,539
10000841,8,1,4,10:22,PA,10765,1,0,6,f,NA,43,43,0,3,9,1,0,3,3,1,1,2,645
10000842,9,1,1,15:36,FL,10766,2,1,7,i,1,65,63,1,4,14,2,0,3,3,0,1,4,629
10000845,7,1,0,13:31,PA,10769,2,1,5,e,1,72,33,0,3,15,1,0,3,3,1,2,3,598
10000846,8,1,4,16:47,WA,10770,1,0,3,d,4,31,31,0,3,15,1,0,3,2,0,2,1,598
10000847,3,1,2,12:00,FL,10771,2,1,6,f,1,75,73,1,3,15,1,1,3,3,1,1,3,628
10000848,8,1,0,10:28,CT,10772,1,0,9,c,NA,26,25,1,1,1,0,0,2,3,0,0,2,647
10000850,10,1,0,18:13,WA,10774,1,1,8,d,2,62,62,0,3,2,1,0,4,3,0,1,1,639
10000851,7,1,1,19:47,WA,10775,1,0,4,g,NA,39,39,0,1,1,1,1,1,1,1,1,1,685
10000852,11,1,4,15:34,FL,10776,1,1,11,g,1,75,75,0,4,5,1,1,4,3,1,2,3,594
10000853,8,1,0,14:42,OR,10777,1,0,1,d,3,19,19,0,NA,NA,1,1,1,2,1,1,2,722
10000854,7,1,2,13:08,PA,10778,1,1,4,f,NA,41,41,0,3,6,1,0,3,3,0,1,2,660
10000855,5,1,2,12:49,OR,10779,1,0,9,e,2,62,62,0,4,7,1,0,4,3,0,1,3,573
10000856,5,1,4,10:23,NY,10332,1,0,2,f,3,25,25,0,2,2,1,1,2,3,1,0,2,668
10000857,8,1,4,13:56,IN,10780,1,0,5,f,4,27,27,0,3,2,1,1,3,3,0,2,1,651
10000858,6,1,1,13:13,TN,10781,1,0,6,g,NA,56,56,0,3,2,1,1,3,3,1,2,3,658
10000860,9,1,3,13:29,WA,10271,1,0,7,d,NA,31,31,0,4,4,1,0,2,2,1,2,2,671
10000861,6,1,4,10:42,OH,10783,1,1,11,f,NA,53,53,0,1,1,1,1,1,2,1,2,3,623
10000863,6,1,1,16:32,OR,10785,1,0,2,e,4,63,63,0,1,2,1,0,1,1,0,2,3,624
10000864,9,1,3,12:30,NY,10786,2,0,11,e,2,34,34,0,4,15,2,0,4,3,1,0,2,690
10000865,8,1,1,09:25,NY,10787,1,1,1,d,2,35,16,0,3,7,1,0,3,3,0,0,2,613
10000866,3,1,1,14:17,NY,10651,1,0,8,e,3,59,57,1,1,1,0,0,1,2,0,0,2,720
10000867,8,1,4,11:42,NY,10788,1,0,5,e,4,30,30,0,4,2,0,0,1,1,0,0,2,715
10000868,6,1,1,15:13,PA,10789,2,0,2,e,4,30,27,1,3,8,1,1,1,1,0,2,1,620
10000869,6,1,4,16:20,KY,10790,1,0,1,f,4,27,27,0,1,7,1,1,1,2,1,2,1,637
10000871,6,1,0,09:24,FL,10757,2,1,4,e,2,70,69,1,4,15,1,0,4,3,0,1,3,632
10000874,6,1,4,15:50,FL,10793,2,1,1,g,2,72,65,1,4,2,1,1,4,3,1,2,4,655
10000875,7,1,2,11:16,FL,10794,1,1,7,d,1,74,74,0,1,10,1,1,1,1,1,2,4,600
10000877,6,1,2,08:45,NY,10796,1,1,2,e,1,52,52,0,3,3,1,1,3,3,0,0,2,589
10000879,10,1,4,13:29,CT,10329,1,0,9,f,NA,23,23,0,1,1,1,1,1,1,1,0,1,725
10000880,5,1,3,15:39,OK,10798,1,0,16,e,NA,21,21,0,2,6,0,0,2,2,0,0,2,661
10000882,8,1,3,09:58,CO,10800,1,0,13,f,NA,23,23,0,1,4,1,0,2,3,1,2,2,659
10000886,9,1,2,15:40,FL,10805,1,0,3,d,2,63,63,0,1,13,2,0,1,3,0,2,3,615
10000888,7,1,3,14:10,IN,10569,1,1,5,f,1,61,61,0,3,1,1,1,2,3,0,2,1,578
10000889,4,1,4,10:31,FL,10806,1,1,5,d,1,60,60,0,1,15,1,0,1,3,0,2,3,606
10000890,7,1,4,15:30,PA,10807,1,1,1,f,NA,24,24,0,3,4,1,0,2,3,1,1,2,692
10000891,8,1,1,14:28,UT,10808,1,1,3,f,3,63,63,0,4,1,1,1,4,3,0,2,1,661
10000892,8,1,1,17:03,AL,10809,1,1,4,g,4,25,25,0,4,1,1,1,3,3,1,2,2,675
10000894,5,1,4,09:42,PA,10810,1,1,1,e,4,46,46,0,3,10,1,1,3,3,1,2,3,661
10000896,8,1,1,09:16,NY,10812,1,1,17,f,4,44,44,0,3,2,0,0,1,2,0,0,2,635
10000897,7,1,1,13:24,PA,10813,1,0,11,e,NA,26,26,0,2,2,1,0,2,3,1,2,1,645
10000898,10,1,1,09:46,NY,10814,1,1,6,e,3,51,39,1,3,15,2,0,3,3,0,0,2,646
10000899,7,1,4,12:54,FL,10030,1,1,1,e,2,75,75,0,3,9,1,0,3,3,0,2,3,691
10000900,7,1,0,15:30,OR,10815,1,1,18,d,2,66,66,0,3,15,1,1,3,3,0,1,3,561
10000903,5,1,1,14:45,FL,10534,1,1,4,h,2,39,39,0,3,11,1,0,3,3,1,1,3,653
10000904,4,1,4,16:33,AL,10817,1,0,9,g,NA,26,26,0,4,9,1,1,4,3,0,2,4,633
10000905,8,1,3,19:19,FL,10818,2,1,9,g,2,54,52,1,1,10,1,1,1,3,0,2,4,605
10000907,8,1,3,09:48,NY,10820,2,0,6,d,1,42,39,1,3,9,0,0,1,2,0,0,1,603
10000908,8,1,4,09:04,KY,10821,1,0,8,e,NA,48,47,1,2,0,1,0,2,1,0,2,2,697
10000912,9,1,2,13:52,WA,10825,1,1,3,f,4,63,63,0,3,7,1,1,3,3,1,2,3,628
10000913,4,1,0,17:31,NM,10826,1,1,22,e,2,75,75,0,2,15,0,0,2,2,0,0,2,577
10000914,4,1,1,15:44,TN,10827,2,1,4,d,4,52,22,0,NA,NA,1,0,3,3,0,2,1,694
10000919,6,1,4,16:13,CT,10831,1,0,3,d,4,40,40,0,2,2,1,0,1,1,1,0,1,642
10000921,9,1,0,09:19,TN,10833,2,0,11,h,NA,71,55,1,2,2,1,0,2,2,0,2,1,593
10000922,6,1,3,14:52,FL,10834,1,0,12,e,2,28,28,0,1,9,1,1,1,3,1,2,3,645
10000923,5,1,2,17:56,UT,10835,1,0,4,e,3,43,43,0,2,1,1,1,2,2,1,1,3,632
10000924,5,1,4,12:59,NY,10836,1,0,2,f,2,31,29,0,3,5,1,1,3,3,1,0,1,673
10000925,5,1,4,16:49,ME,10837,1,0,1,f,3,19,19,0,4,4,2,0,3,2,0,1,1,665
10000926,6,1,4,11:51,NV,10838,1,1,8,d,2,75,75,0,4,4,1,0,4,3,1,1,3,647
10000929,10,1,3,17:42,OR,10840,1,1,15,g,2,75,42,0,3,3,1,1,3,2,1,1,4,660
10000930,10,1,2,17:06,AL,10658,1,1,16,g,NA,41,41,0,1,3,1,1,1,2,1,2,2,694
10000931,10,1,1,16:55,MD,10544,1,0,7,e,4,27,27,0,1,2,0,1,1,3,1,1,2,693
10000932,6,1,3,13:44,PA,10841,1,1,5,e,NA,33,33,0,2,8,1,1,2,3,1,2,4,624
10000933,8,1,4,16:14,GA,10842,1,0,2,e,NA,33,33,0,1,2,2,1,2,2,0,2,2,670
10000934,8,1,3,18:58,MO,10843,1,0,8,e,NA,29,29,0,3,11,0,1,2,2,0,0,2,574
10000935,11,1,0,14:07,FL,10844,1,1,6,f,1,75,75,0,3,15,1,0,3,3,1,2,3,610
10000936,5,1,4,09:53,FL,10845,1,0,8,d,2,26,26,0,4,10,2,0,4,3,0,3,3,642
10000937,7,1,2,10:07,NY,10846,2,0,18,e,1,75,74,1,3,2,1,0,3,3,1,0,4,644
10000940,6,1,3,12:24,CT,10848,1,0,12,d,4,24,24,0,3,8,0,0,1,2,0,0,1,554
10000941,6,1,1,12:55,IN,10849,1,1,6,f,1,36,36,0,3,3,1,0,3,3,1,2,1,606
10000942,6,1,1,15:05,OR,10850,1,0,11,c,3,47,47,0,1,1,1,1,1,3,1,2,2,623
10000943,10,1,1,16:10,UT,10851,1,0,7,d,NA,21,21,0,1,1,1,1,1,1,1,2,2,652
10000944,11,1,4,16:42,OH,10852,3,1,13,f,NA,41,19,1,3,4,1,1,3,3,1,2,3,650
10000945,7,1,3,16:00,CO,10853,1,0,7,h,NA,74,38,0,3,15,1,0,1,2,0,2,1,644
10000946,4,1,1,12:29,NY,10854,2,1,2,h,3,69,68,1,3,0,1,0,3,3,0,0,2,635
10000947,5,1,1,12:58,OH,10855,1,1,13,f,NA,55,55,0,3,4,1,1,3,2,0,2,2,616
10000948,6,1,2,15:25,NV,10856,3,0,8,f,4,57,44,1,3,10,2,0,1,3,0,1,1,676
10000949,10,1,4,14:10,OK,10857,1,0,23,d,NA,44,44,0,1,7,0,0,1,2,0,0,2,569
10000951,7,1,4,12:21,IN,10859,1,1,6,e,2,23,23,0,3,7,1,1,3,3,1,2,2,625
10000953,5,1,3,10:32,MD,10861,1,1,16,f,1,47,47,0,1,12,0,1,1,3,0,0,2,599
10000958,9,1,2,12:11,PA,10866,1,0,9,e,4,26,26,0,1,2,1,1,1,3,0,1,2,614
10000959,6,1,2,16:46,AL,10867,1,1,2,f,NA,54,54,0,2,3,2,1,2,3,1,3,2,639
10000960,5,1,3,09:47,WV,10868,1,1,9,e,4,68,68,0,3,12,1,1,3,3,1,1,2,651
10000961,4,1,2,16:30,FL,10869,1,0,3,f,2,69,69,0,4,15,1,0,4,3,1,2,3,703
10000962,11,1,1,13:00,OK,10870,1,1,2,f,NA,25,25,0,2,3,2,0,2,3,0,3,2,639
10000963,10,1,4,13:33,PA,10871,1,1,7,d,4,33,33,0,3,6,2,0,3,3,0,2,3,568
10000965,8,1,1,13:31,FL,10100,1,1,11,f,1,75,75,0,1,14,0,0,1,2,0,0,3,594
10000966,8,1,1,14:07,OH,10873,1,0,1,h,4,29,29,0,4,5,1,0,4,3,1,2,3,654
10000967,9,1,0,13:44,FL,10874,1,1,31,c,2,67,67,0,1,15,1,0,1,3,0,1,3,585
10000969,8,1,4,12:33,PA,10165,1,1,11,d,NA,32,32,0,3,15,1,1,3,3,1,1,2,691
10000970,3,1,3,15:59,PA,10876,1,0,2,e,2,73,73,0,2,15,1,0,2,1,0,1,3,632
10000971,9,1,1,18:14,ID,10877,1,1,7,d,3,41,41,0,1,7,2,0,1,1,0,3,3,619
10000972,7,1,2,16:42,OH,10465,1,1,6,e,NA,49,49,0,1,3,1,1,1,3,0,1,3,628
10000973,4,1,2,16:34,OH,10878,1,1,7,f,3,44,22,0,4,1,2,0,4,3,0,2,3,588
10000974,6,1,1,18:03,NM,10578,1,1,3,h,4,75,75,0,3,15,0,0,3,2,0,0,2,599
10000975,6,1,0,12:42,PA,10879,2,1,17,e,4,54,22,0,2,7,0,0,2,3,0,0,2,639
10000976,5,1,3,11:16,PA,10880,1,1,3,f,NA,42,42,0,3,6,1,1,3,2,1,2,2,671
10000978,9,1,0,14:17,IN,10882,1,0,5,f,4,24,24,0,2,1,1,1,2,3,0,2,1,636
10000980,5,1,1,16:27,KY,10010,1,0,6,e,NA,28,28,0,2,1,1,1,2,2,0,2,1,675
10000982,8,1,3,09:32,OH,10305,1,1,3,e,4,35,35,0,3,15,1,1,3,3,1,2,3,620
10000983,5,1,4,17:25,NV,10885,1,0,1,d,4,21,21,0,1,3,2,1,1,3,1,2,1,673
10000987,4,1,2,13:26,NE,10888,1,1,4,f,NA,62,62,0,2,3,2,1,2,3,0,3,1,648
10000988,6,1,2,16:00,OH,10889,1,1,1,d,NA,49,49,0,1,5,1,0,1,3,0,1,2,666
10000989,5,1,0,09:44,OH,10890,1,0,13,e,NA,27,27,0,1,4,0,1,1,1,0,0,3,590
10000992,7,1,0,18:11,NY,10893,1,0,2,e,1,75,75,0,3,2,2,0,3,3,0,0,2,721
10000993,9,1,0,13:07,FL,10894,1,0,7,g,1,57,57,0,4,4,1,0,4,3,0,2,3,634
10000994,4,1,3,13:58,TN,10496,1,1,3,e,4,53,53,0,3,2,1,0,2,2,1,2,1,580
10000999,6,1,4,15:18,NY,10898,1,1,1,g,1,59,59,0,3,15,1,1,4,3,1,0,2,640
10001002,7,1,3,10:05,FL,10901,1,1,5,f,1,69,64,1,2,0,1,0,2,2,1,1,4,624
10001003,8,1,0,16:02,FL,10902,2,0,5,e,2,71,18,0,2,5,1,0,1,2,1,2,3,685
10001004,6,1,4,15:18,WA,10903,2,0,1,h,NA,27,26,1,2,3,1,0,3,3,0,2,3,688
10001006,9,1,2,11:06,FL,10905,2,0,1,e,1,30,29,1,1,2,1,1,1,3,1,2,3,653
10001007,4,1,1,15:44,FL,10806,1,1,8,d,1,23,23,0,4,6,1,0,1,3,0,2,3,618
10001009,10,1,0,16:29,MO,10143,1,0,11,e,NA,48,48,0,2,7,1,0,1,3,1,2,2,592
10001014,11,1,4,09:54,AL,10910,2,1,7,e,NA,46,42,1,2,5,1,1,2,2,1,2,4,665
10001016,4,1,1,16:28,AL,10912,2,1,7,e,NA,20,20,1,1,4,1,1,1,2,0,2,1,644
10001018,4,1,3,09:08,KY,10334,2,1,18,c,3,64,64,1,1,7,0,0,1,3,0,0,2,580
10001019,5,1,4,09:26,MD,10914,1,0,9,e,3,36,36,0,1,3,1,1,1,1,1,2,2,671
10001020,7,1,0,10:29,PA,10915,1,1,16,e,4,75,75,0,2,15,2,1,3,3,1,1,3,677
10001021,3,1,0,11:18,TN,10916,2,0,9,e,NA,23,22,1,1,7,1,1,1,1,1,2,2,616
10001022,5,1,2,13:10,CO,10333,1,1,2,f,4,45,45,0,4,15,2,1,4,3,0,3,3,605
10001023,7,1,1,18:51,WA,10917,1,0,9,e,NA,59,59,0,3,13,2,1,2,2,0,1,3,642
10001024,8,1,3,20:20,AL,10918,1,1,1,f,3,34,34,0,3,10,1,1,3,3,0,2,1,577
10001027,3,1,1,11:41,NH,10921,1,0,2,e,NA,27,27,0,4,2,2,1,4,3,1,1,3,617
10001029,5,1,2,10:53,OH,10923,2,1,8,e,NA,64,54,1,3,15,1,0,3,3,0,1,3,578
10001030,7,1,2,14:55,CO,10924,1,0,23,e,NA,32,32,0,1,0,0,1,1,3,0,0,2,527
10001032,9,1,4,14:43,AL,10926,1,1,5,g,NA,30,30,0,1,6,1,1,3,3,1,2,3,638
10001035,8,1,3,14:32,FL,10928,2,1,2,f,2,74,64,0,3,10,1,0,4,3,1,2,4,637
10001037,6,1,4,18:59,OR,10930,1,0,16,e,NA,22,22,0,2,3,0,1,1,3,0,2,1,596
10001038,5,1,4,12:51,NY,10931,1,0,1,e,3,25,25,0,4,2,1,0,3,3,0,0,2,694
10001039,9,1,2,19:12,WA,10932,1,1,7,g,4,27,27,0,4,5,2,1,4,3,1,1,3,632
10001040,10,1,3,18:38,OR,10933,1,0,9,f,NA,75,75,0,3,4,1,1,3,3,1,2,2,683
10001041,3,1,0,10:52,IA,10934,3,1,16,a,4,56,50,1,3,1,0,0,3,3,0,0,2,560
10001043,3,1,4,10:54,FL,10936,1,1,18,e,1,62,62,0,2,14,0,0,2,2,0,0,3,555
10001044,7,1,2,17:29,NE,10937,1,0,22,d,NA,23,23,0,3,2,0,0,3,3,0,0,2,618
10001045,5,1,1,15:57,NY,10938,2,0,2,d,2,24,24,1,3,2,1,1,3,3,1,1,2,622
10001048,7,1,5,10:17,AL,10941,1,1,13,e,4,60,60,0,1,4,1,1,2,3,1,2,4,590
10001049,4,1,0,17:46,CO,10942,1,0,24,d,NA,22,22,0,3,3,0,0,1,3,0,0,2,629
10001050,9,1,4,12:47,NY,10814,1,1,7,d,1,45,45,0,3,15,2,0,4,3,1,0,2,616
10001051,6,1,5,09:16,PA,10862,1,0,27,d,3,19,19,0,2,2,0,0,1,1,0,0,2,648
10001053,3,1,2,09:16,PA,10944,2,1,6,e,NA,42,17,0,2,4,1,1,2,3,1,2,1,671
10001054,8,1,0,11:00,NY,10455,1,1,9,f,1,75,75,0,4,15,1,0,4,3,1,0,2,667
10001057,6,1,1,10:37,CO,10946,1,1,7,g,NA,25,25,0,3,10,2,0,2,3,0,3,2,628
10001059,8,1,0,12:05,NH,10348,1,0,6,d,NA,51,51,0,1,2,0,1,1,3,0,0,1,629
10001061,8,1,2,12:31,NY,10949,1,0,9,d,2,24,24,0,2,4,1,1,2,3,1,0,2,653
10001063,5,1,1,11:00,NM,10951,1,1,6,f,NA,48,48,0,2,8,2,0,2,1,1,3,3,638
10001064,8,1,0,09:59,FL,10952,1,0,9,g,1,22,22,0,1,4,1,0,1,2,1,2,3,659
10001067,7,1,4,13:34,RI,10955,2,1,6,g,NA,42,42,1,3,4,1,0,1,2,1,2,2,691
10001068,7,1,3,14:35,NY,10956,2,1,5,e,2,72,68,1,3,5,1,1,3,3,1,0,4,669
10001070,8,1,3,13:42,NY,10958,1,0,8,e,2,59,59,0,3,15,1,1,3,3,1,0,3,651
10001071,5,1,1,14:50,NY,10959,2,1,6,f,2,72,66,1,3,15,1,1,3,3,1,0,2,606
10001072,5,1,1,11:06,PA,10960,1,1,4,d,1,61,61,0,3,7,1,1,4,3,1,2,4,631
10001073,8,1,0,12:16,NY,10961,1,1,2,f,4,75,75,1,3,1,1,1,3,3,1,0,2,727
10001074,7,1,4,16:08,GA,10962,1,1,13,f,4,55,55,0,2,4,0,1,2,2,1,2,2,602
10001076,10,1,0,16:12,NY,10275,1,0,1,f,3,25,25,0,3,5,1,0,3,3,0,0,2,651
10001077,7,1,2,18:14,NM,10964,1,1,8,f,NA,42,42,0,2,4,1,1,2,2,1,2,4,668
10001078,11,1,2,13:08,PA,10965,1,1,7,e,2,27,27,0,3,4,1,0,3,2,1,2,1,618
10001079,6,1,2,13:00,CO,10966,1,0,4,f,4,35,35,0,4,3,2,1,1,3,1,3,1,649
10001081,6,1,3,17:30,KS,10968,1,0,14,f,4,26,26,0,3,10,1,1,3,3,1,2,3,628
10001083,5,1,4,13:03,PA,10970,1,0,7,d,NA,41,41,0,2,1,1,0,1,1,0,1,2,638
10001084,10,1,3,14:57,FL,10971,1,0,15,d,1,31,31,0,1,9,0,0,1,2,0,0,3,654
10001086,10,1,0,11:12,WA,10973,2,1,1,g,1,66,65,1,3,15,1,1,3,3,0,2,3,564
10001087,6,1,3,16:09,IN,10974,1,1,9,f,2,35,35,0,3,7,1,1,3,3,1,2,2,622
10001089,8,1,0,11:33,NY,10976,1,0,14,d,2,37,37,0,4,14,0,1,4,3,0,0,2,581
10001090,5,1,4,12:31,OR,10977,1,1,10,e,4,38,38,0,3,15,1,0,3,3,0,1,2,586
10001091,7,1,0,10:55,PA,10978,1,1,4,f,1,75,75,0,3,7,1,0,3,3,1,1,3,582
10001092,7,1,4,11:23,FL,10776,1,1,4,e,1,35,35,0,3,5,1,1,3,3,1,1,3,624
10001094,8,1,4,16:16,NV,10838,1,0,8,e,NA,25,25,0,3,1,2,1,2,3,1,1,3,671
10001098,9,1,0,19:32,WA,10981,1,0,9,e,3,19,19,0,3,3,2,0,2,2,0,3,1,702
10001099,8,1,4,10:43,IA,10982,1,0,15,f,NA,25,25,0,1,1,0,1,1,2,0,0,2,607
10001100,6,1,3,17:33,IN,10983,2,1,12,g,1,74,72,1,4,15,2,1,4,3,0,1,3,574
10001103,10,1,0,10:22,FL,10986,1,0,1,d,1,75,75,0,2,15,1,0,2,3,1,1,4,650
10001104,6,1,3,08:57,PA,10987,1,0,8,e,NA,28,28,0,2,2,1,1,2,2,1,2,2,657
10001106,8,1,0,14:13,KY,10989,1,0,9,f,4,46,46,0,2,2,1,1,1,3,1,2,1,637
10001107,5,1,2,12:32,PA,10990,1,1,10,f,3,56,56,0,2,15,1,1,2,2,1,1,3,617
10001110,6,1,4,10:29,MD,10993,2,0,5,e,1,75,75,1,3,5,1,0,4,3,1,1,4,644
10001112,6,1,1,09:19,PA,10995,1,1,11,c,3,34,34,0,3,4,1,0,3,2,0,2,1,571
10001113,10,1,2,11:30,PA,10422,1,0,1,f,4,31,31,0,1,2,1,0,1,3,0,2,1,644
10001114,5,1,3,13:31,RI,10996,1,0,7,e,4,22,22,0,4,6,1,0,2,3,1,2,1,663
10001116,5,1,0,13:16,FL,10997,1,1,9,d,2,52,52,0,3,15,1,1,3,3,0,1,4,638
10001117,5,1,3,14:32,NY,10082,1,0,4,f,4,47,47,0,4,5,1,1,3,3,1,0,1,634
10001121,8,1,0,08:07,FL,11001,1,1,6,e,3,60,60,0,3,15,1,1,3,3,0,2,3,647
10001122,6,1,4,18:03,WA,11002,1,1,14,h,4,31,31,0,4,15,1,1,4,3,0,2,3,618
10001123,6,1,5,10:56,CT,11003,1,0,23,d,NA,40,40,0,2,1,0,0,1,1,0,0,1,648
10001124,6,1,1,16:17,TN,10756,1,0,8,e,NA,25,25,0,1,2,1,1,1,1,1,1,2,715
10001126,9,1,1,14:55,MD,11004,2,1,8,g,4,54,53,1,2,4,1,0,1,3,0,2,2,668
10001127,7,1,4,10:27,FL,11005,1,0,13,e,3,65,53,1,1,3,1,1,1,2,1,2,3,640
10001128,6,1,1,18:48,AL,10476,1,0,4,d,NA,25,25,0,2,10,1,1,2,2,1,2,2,653
10001129,8,1,1,10:38,IN,11006,1,0,11,e,1,41,41,0,2,1,1,1,2,2,1,2,1,604
10001130,7,1,3,12:43,NY,11007,1,0,2,e,3,28,28,0,1,3,2,0,2,3,1,0,2,774
10001131,6,1,1,13:56,KY,11008,1,0,1,f,NA,20,20,0,4,4,1,0,4,3,0,1,2,696
10001133,4,1,4,12:33,NY,10361,1,1,7,f,1,66,66,0,3,7,1,1,3,2,1,0,1,599
10001134,8,1,1,21:18,WV,11010,2,0,2,f,NA,56,40,0,3,15,2,0,3,2,1,3,2,637
10001135,8,1,1,16:31,PA,10593,1,1,7,f,1,65,65,0,4,15,1,0,4,3,1,2,4,607
10001136,5,1,0,14:09,WI,11011,1,0,22,e,3,66,66,0,3,11,0,1,3,3,0,0,2,519
10001137,8,1,2,10:18,ND,11012,1,1,1,h,NA,42,42,0,2,1,1,0,2,2,0,2,2,680
10001139,8,1,1,15:52,FL,11013,2,1,4,f,2,63,48,1,3,6,1,0,3,3,0,2,3,628
10001140,10,1,4,12:59,OH,10454,1,1,17,c,4,38,38,0,4,11,1,0,3,3,0,2,3,617
10001141,11,1,3,14:28,NY,11014,2,1,14,e,2,33,29,1,3,14,2,0,3,3,0,0,4,652
10001143,3,1,4,11:28,MD,11015,1,1,8,g,3,38,38,0,3,3,1,0,3,3,0,1,1,653
10001145,7,1,4,15:25,GA,11016,1,1,22,g,NA,59,59,0,1,1,1,1,2,2,1,2,2,686
10001146,4,1,2,19:00,NH,10348,2,1,4,g,NA,52,21,0,4,2,1,1,4,3,1,1,2,647
10001147,6,1,0,19:13,NV,11017,1,0,6,f,NA,59,59,0,4,2,1,0,4,3,0,0,3,619
10001152,3,1,0,09:32,ME,10083,2,1,9,g,3,32,30,1,2,2,1,0,3,3,1,1,1,559
10001153,6,1,1,14:05,NY,11020,1,1,3,e,1,75,75,0,3,15,1,0,3,3,1,0,3,717
10001154,5,1,0,07:23,ME,11021,2,0,2,g,NA,46,20,0,3,5,1,0,3,3,0,1,1,645
10001155,8,1,4,14:42,NY,10701,1,0,1,e,1,28,28,0,4,5,1,1,4,3,1,0,4,636
10001156,5,1,3,08:20,IN,10029,1,1,45,a,1,75,75,0,2,5,0,0,2,2,0,0,1,559
10001157,7,1,1,11:48,NH,11022,1,0,12,e,NA,27,27,0,3,1,1,0,2,2,0,2,2,628
10001159,8,1,1,16:44,NY,10382,2,0,10,g,3,75,56,0,3,10,1,1,3,2,1,0,1,692
10001160,3,1,2,10:29,OK,11024,1,0,14,f,2,20,20,0,4,4,1,1,4,3,0,2,2,697
10001161,5,1,0,09:34,PA,11025,1,1,17,d,4,50,50,0,3,15,0,1,3,3,1,1,3,588
10001162,7,1,3,14:04,PA,11026,1,0,9,h,4,45,45,0,2,15,1,1,3,3,1,1,2,668
10001163,8,1,4,14:18,PA,11027,1,0,10,e,3,25,25,0,2,5,1,0,1,1,0,1,1,648
10001168,7,1,0,15:06,MT,10137,1,0,2,d,4,25,25,0,3,9,1,0,2,2,0,2,2,610
10001170,9,1,3,13:10,FL,10182,1,1,8,g,2,75,75,0,4,7,1,0,4,3,1,2,3,607
10001171,4,1,1,09:34,FL,10748,1,1,6,d,1,75,75,0,2,7,1,1,2,2,1,1,3,594
10001173,4,1,1,10:09,DC,11032,1,1,18,d,2,59,59,0,1,4,1,1,1,1,0,0,2,615
10001174,8,1,0,15:42,FL,11033,1,0,2,e,1,36,36,0,3,13,1,1,3,3,1,2,4,661
10001176,6,1,4,13:27,PA,11034,1,1,7,g,NA,25,25,0,3,9,1,1,3,3,1,1,2,611
10001177,8,1,2,14:34,FL,11035,2,1,6,g,1,74,69,1,2,3,1,0,2,3,1,1,3,585
10001178,4,1,0,13:58,OK,11036,1,1,17,d,4,68,68,0,2,6,0,0,3,3,0,0,2,579
10001180,4,1,3,16:49,KS,10726,1,1,7,d,4,27,27,0,3,3,1,1,3,3,0,2,2,586
10001181,5,1,2,11:08,OK,11038,1,1,13,e,1,65,65,0,2,11,0,0,2,2,0,0,2,526
10001183,7,1,3,13:02,FL,11040,2,1,12,g,2,62,61,1,1,10,1,0,1,2,0,1,3,571
10001184,10,1,4,10:23,NV,10626,2,1,3,f,2,58,55,1,3,15,1,1,3,3,1,1,3,638
10001186,8,1,4,16:20,MO,10057,1,0,10,d,NA,42,42,0,1,3,1,1,1,1,0,2,1,624
10001190,6,1,2,16:26,OH,10245,1,1,1,e,NA,24,24,0,1,1,1,0,3,3,0,2,3,616
10001191,6,1,1,11:24,NY,11044,1,0,9,f,2,24,24,0,3,7,1,0,3,3,0,0,2,606
10001192,7,1,0,15:54,PA,10604,1,0,7,g,NA,46,46,0,2,3,1,0,2,3,1,2,1,666
10001193,3,1,4,11:52,FL,11045,1,0,1,e,3,26,26,0,3,8,1,0,3,3,1,1,4,685
10001195,8,1,3,10:41,PA,11047,1,0,15,d,NA,56,56,0,3,14,0,0,1,1,0,0,2,598
10001197,5,1,2,18:54,NV,11049,1,0,11,e,4,48,48,0,1,6,1,1,3,3,1,2,3,689
10001198,9,1,0,10:03,PA,10160,1,0,16,e,3,18,18,0,3,1,0,1,2,2,0,0,3,671
10001199,7,1,3,15:12,FL,10906,1,0,13,e,3,22,22,0,2,7,1,0,1,2,0,1,3,648
10001200,6,1,0,13:18,AR,10004,1,1,14,f,3,70,70,0,1,4,0,0,1,1,0,1,1,602
10001201,7,1,3,14:19,NY,11050,1,0,5,f,2,29,29,0,3,4,2,0,3,3,1,0,2,662
10001202,4,1,3,14:43,MD,10993,1,0,6,f,1,71,71,0,2,15,1,0,2,2,1,1,1,627
10001203,8,1,2,13:36,MD,11052,1,1,14,e,4,29,29,0,3,9,1,1,3,3,1,1,1,635
10001204,10,1,2,12:05,FL,11053,2,1,4,f,1,53,37,0,1,9,1,1,1,2,1,2,4,606
10001205,10,1,3,15:39,KS,11054,1,0,14,g,NA,18,18,0,2,4,2,0,2,3,0,3,1,709
10001206,7,1,3,12:39,OH,11055,1,1,8,e,4,59,59,0,3,1,1,1,3,3,1,2,3,598
10001207,8,1,0,13:57,OH,11056,1,0,14,e,NA,19,19,0,1,1,1,1,2,3,1,2,2,674
10001208,6,1,5,09:57,CT,11057,2,1,4,d,4,64,64,1,3,6,1,1,4,3,0,0,1,616
10001209,6,1,3,11:49,FL,10285,1,0,3,g,1,36,36,0,2,1,1,1,2,3,1,1,3,660
10001213,5,1,2,13:37,NV,10022,1,1,1,f,1,75,75,0,3,8,1,1,3,3,1,1,3,641
10001215,6,1,3,16:32,IN,11061,2,1,9,e,2,57,20,0,3,4,0,1,3,3,0,0,2,596
10001219,6,1,1,09:45,MD,11065,1,1,4,d,4,34,16,0,4,11,1,0,4,3,0,2,3,653
10001221,6,1,2,09:54,NY,11067,1,1,1,e,1,74,74,0,1,15,2,0,3,3,0,0,3,660
10001222,10,1,2,10:37,KY,11068,2,0,5,d,NA,40,34,1,3,15,1,0,1,3,1,2,2,685
10001225,8,1,3,13:02,IN,11070,1,0,12,f,3,23,23,0,3,1,1,0,2,2,0,2,1,670
10001226,4,1,0,16:55,ID,11071,1,1,7,g,1,75,75,0,4,10,1,0,4,3,0,2,3,595
10001228,5,1,0,10:58,NY,10118,1,0,8,e,3,30,30,0,1,2,2,0,2,3,0,0,2,705
10001229,4,1,4,10:52,FL,11073,2,1,1,d,2,69,66,1,3,10,1,0,3,3,1,1,3,598
10001232,7,1,2,17:13,ID,11076,1,0,8,f,3,29,29,0,3,4,1,0,2,1,0,2,2,627
10001233,6,1,4,18:10,UT,10513,2,1,7,g,NA,31,28,1,1,10,1,1,1,3,0,1,1,589
10001235,11,1,0,11:13,AL,11077,1,0,11,f,2,26,26,0,2,9,0,1,2,1,0,0,2,550
10001236,9,1,0,10:52,CO,10308,1,1,2,f,4,45,45,0,1,15,1,1,1,2,1,2,3,639
10001237,10,1,2,11:27,NH,10220,2,1,3,g,NA,52,43,1,1,15,1,0,3,3,1,1,2,628
10001239,11,1,1,10:49,FL,11079,1,1,15,f,1,41,41,0,3,5,1,0,3,3,0,2,3,647
10001241,8,1,3,16:38,OH,10972,1,1,1,f,NA,30,27,0,2,3,1,0,3,3,1,2,2,674
10001242,4,1,3,10:26,AL,11081,1,1,12,e,NA,36,36,0,2,1,1,1,2,2,1,2,4,613
10001243,6,1,3,10:21,NY,11082,1,0,6,f,2,43,43,0,3,6,1,1,3,3,1,0,3,653
10001244,4,1,4,09:34,CT,11083,1,0,6,g,NA,27,27,0,1,1,1,0,1,2,1,0,1,690
10001246,8,1,2,11:39,PA,11085,1,0,10,e,NA,33,33,0,3,2,0,0,1,3,0,0,2,614
10001247,5,1,1,13:50,OH,11086,1,0,11,e,NA,25,25,0,1,8,0,0,1,1,0,0,3,556
10001248,9,1,2,16:27,PA,10879,1,1,4,e,NA,28,28,0,1,7,1,1,1,3,1,2,1,696
10001249,3,1,2,18:18,OR,11087,1,1,10,d,4,39,39,0,3,4,1,0,3,3,0,1,1,609
10001250,5,1,2,08:32,PA,11088,1,0,9,e,4,41,41,0,3,15,1,0,3,2,1,2,3,627
10001251,5,1,4,10:54,MD,11089,1,1,19,g,2,75,75,0,3,15,0,1,3,3,0,0,2,625
10001252,7,1,2,11:19,PA,11090,1,0,42,a,NA,44,44,0,NA,NA,0,0,1,1,0,0,2,634
10001253,8,1,1,15:39,NY,11091,1,1,2,f,1,68,68,0,4,1,1,1,4,3,1,0,2,654
10001254,4,1,2,13:53,NY,11092,1,1,2,f,1,61,61,0,3,1,1,0,3,3,0,0,2,602
10001255,6,1,4,14:49,CO,11093,1,0,17,d,NA,36,36,0,1,1,2,0,2,3,0,3,2,632
10001256,7,1,2,17:10,IN,11095,1,1,7,e,1,66,66,0,1,0,1,1,1,1,1,2,1,579
10001257,9,1,4,07:49,IN,11096,1,1,11,f,4,52,52,0,2,14,1,1,2,3,1,2,2,600
10001258,3,1,0,16:56,UT,11097,1,1,5,f,NA,23,23,0,1,7,1,1,2,2,0,2,2,621
10001259,9,1,2,10:11,PA,10990,2,1,10,e,2,75,75,1,3,9,1,1,3,2,0,2,3,613
10001260,5,1,0,12:54,WA,11002,1,1,5,e,4,51,51,0,4,6,1,1,4,3,1,1,3,682
10001261,8,1,3,12:46,NY,11098,1,0,7,c,4,50,50,0,4,2,1,0,3,2,0,0,2,672
10001263,8,1,0,10:32,FL,11099,2,1,3,f,2,69,42,1,3,6,1,1,3,3,1,1,3,605
10001264,7,1,0,13:22,OK,10554,1,1,13,h,NA,68,68,0,1,8,0,1,2,2,0,0,2,564
10001265,8,1,3,12:14,PA,11100,1,1,7,e,NA,38,38,0,3,8,1,1,3,3,0,1,2,623
10001266,9,1,0,18:16,ID,11101,1,1,20,c,3,24,24,0,1,4,0,0,1,1,0,0,3,547
10001268,6,1,3,11:13,MD,11103,1,0,3,f,3,45,45,0,4,15,1,1,2,3,1,1,2,666
10001270,7,1,2,13:43,PA,11105,1,0,1,f,4,27,27,0,3,10,1,1,3,3,1,1,2,633
10001271,5,1,2,14:49,WA,11106,1,0,9,c,1,52,52,0,3,9,1,1,3,2,0,2,3,651
10001272,11,1,1,17:18,FL,11107,2,0,7,d,3,52,33,0,1,2,1,0,1,2,1,2,3,746
10001273,4,1,4,09:53,AL,11108,1,0,7,d,NA,48,48,0,1,2,2,1,1,3,0,2,2,671
10001275,7,1,2,08:58,OH,10523,1,1,9,e,4,75,75,0,3,15,1,0,3,3,1,1,2,617
10001276,5,1,3,17:24,UT,10718,1,0,1,g,NA,24,24,0,1,5,1,1,2,2,1,1,4,673
10001277,4,1,2,12:42,FL,11110,2,1,4,e,1,44,40,1,4,2,1,0,4,3,0,2,3,662
10001279,7,1,4,12:29,UT,11112,1,1,16,e,NA,59,59,0,3,5,1,0,3,3,0,2,2,605
10001280,6,1,2,16:04,KS,10077,1,1,13,e,NA,27,27,0,2,1,0,0,2,3,0,0,1,546
10001281,9,1,3,14:57,MD,11113,1,0,5,d,3,24,24,0,1,3,0,1,1,1,1,1,1,670
10001284,8,1,4,11:53,MS,11116,1,1,2,g,3,39,39,0,3,3,1,1,3,2,1,2,4,629
10001285,5,1,1,09:21,FL,11117,1,1,17,e,1,70,70,0,2,6,0,1,2,3,0,1,3,618
10001286,9,1,2,15:02,GA,11118,1,0,2,e,NA,25,25,0,1,3,1,0,2,3,1,2,1,692
10001287,8,1,1,13:23,TN,11119,1,0,11,e,NA,58,58,0,1,15,1,0,1,1,0,2,2,608
10001288,4,1,4,11:51,NY,11120,1,0,2,g,1,44,44,1,3,1,2,1,3,3,1,0,1,679
10001290,9,1,4,12:35,FL,11122,2,1,1,h,2,67,66,1,1,15,1,1,1,3,1,1,4,622
10001291,4,1,4,11:09,PA,11123,1,1,1,g,3,61,61,0,3,15,1,0,3,3,0,2,3,619
10001293,7,1,1,17:25,WI,11125,2,1,14,c,3,75,69,1,3,6,1,1,3,3,1,1,2,587
10001296,9,1,4,16:35,AL,10124,1,1,18,d,2,53,53,0,4,8,0,1,3,3,0,1,4,527
10001297,8,1,4,11:44,FL,10342,2,1,1,f,1,46,44,1,3,4,1,0,3,3,1,2,4,625
10001301,10,1,1,18:39,NV,11049,1,0,6,f,3,32,32,0,2,6,1,1,2,3,1,1,1,641
10001302,5,1,2,16:02,NY,11131,1,0,6,g,2,60,59,1,3,3,2,1,3,3,0,3,2,612
10001303,6,1,1,10:16,NY,10370,2,0,13,d,2,27,25,1,3,4,0,0,1,2,0,0,1,645
10001304,8,1,4,11:28,WA,10774,1,1,9,f,NA,48,48,0,1,14,1,1,2,2,0,2,1,620
10001308,7,1,3,16:50,KS,11134,1,0,2,h,NA,54,54,0,3,4,1,0,3,3,1,2,2,633
10001310,4,1,1,14:43,IA,10547,1,1,8,g,4,41,41,0,3,7,1,1,3,3,1,2,1,569
10001313,6,1,0,15:45,NY,11137,1,1,2,d,2,37,33,0,4,15,1,0,3,3,0,0,1,574
10001314,7,1,4,09:49,PA,10179,2,1,5,f,NA,48,44,1,1,14,1,1,1,2,1,2,2,646
10001317,6,1,4,13:41,NY,11139,2,1,6,g,1,42,20,1,2,1,1,1,2,2,1,0,2,636
10001318,4,1,3,13:42,NY,11140,1,1,5,e,1,75,75,0,3,5,1,1,3,3,0,0,2,607
10001319,10,1,3,12:48,FL,11099,2,1,9,f,2,72,57,1,2,15,1,1,2,1,0,2,3,565
10001320,7,1,0,12:40,AR,11141,1,0,3,f,NA,25,25,0,1,1,2,1,1,1,1,1,1,691
10001321,7,1,2,09:38,PA,11142,1,0,8,d,2,33,33,0,1,10,1,0,1,3,1,1,3,615
10001322,6,1,4,11:41,MD,10750,1,1,1,e,4,22,22,0,3,6,1,1,3,3,1,2,3,700
10001323,6,1,3,09:41,NE,11143,1,1,11,e,NA,38,38,0,3,2,1,1,3,3,0,2,1,629
10001324,6,1,1,18:38,NY,11144,1,0,6,f,4,27,27,0,3,3,1,0,3,2,0,0,2,693
10001325,10,1,4,16:01,NV,10046,1,1,9,d,1,63,63,0,4,11,1,1,2,3,1,1,3,620
10001327,5,1,2,15:10,OH,11146,1,1,3,e,NA,25,25,0,4,1,1,0,4,3,0,2,3,608
10001328,8,1,2,16:13,PA,10211,1,0,5,g,NA,42,42,0,1,4,1,1,1,1,1,2,1,715
10001329,4,1,1,17:26,PA,11147,2,0,9,f,NA,52,33,1,1,6,1,1,1,1,1,2,3,643
10001330,9,1,4,14:47,CO,11039,3,1,6,d,NA,41,26,1,4,13,2,1,4,3,0,1,3,666
10001331,8,1,3,15:39,AR,11148,1,1,1,e,4,26,26,0,2,3,2,1,2,2,0,3,1,656
10001333,3,1,4,13:20,NY,11150,2,1,5,g,1,72,66,1,4,4,1,1,4,3,1,0,3,585
10001334,8,1,4,13:21,PA,10093,1,0,7,d,4,24,24,0,3,7,2,0,3,3,1,2,3,647
10001339,7,1,3,11:56,GA,11153,1,0,10,d,NA,39,39,0,2,5,2,1,2,2,1,3,2,665
10001340,6,1,2,10:44,MD,11154,1,1,13,e,NA,40,40,0,3,15,1,1,3,2,0,1,2,645
10001342,5,1,1,13:15,CO,11155,1,0,10,f,NA,23,23,0,2,8,1,1,2,3,1,1,3,679
10001344,7,1,3,10:38,FL,11157,1,0,6,e,2,21,21,0,4,4,1,1,2,3,1,2,3,675
10001347,7,1,1,09:06,FL,11160,1,1,2,e,2,28,28,0,1,0,2,0,1,3,1,2,3,680
10001348,5,1,4,15:57,ND,11161,1,0,11,e,NA,48,48,0,NA,NA,2,0,3,3,0,3,2,724
10001349,8,1,4,19:00,NM,11162,1,0,8,f,NA,39,39,0,1,5,2,1,1,3,0,1,1,611
10001350,8,1,2,12:25,OK,11163,2,1,10,f,NA,61,59,1,2,1,0,0,2,3,0,0,2,513
10001352,6,1,1,13:15,PA,11165,2,1,7,f,NA,40,35,1,4,5,1,0,4,3,0,2,4,575
10001353,10,1,0,12:31,CO,10800,1,0,14,f,3,48,20,0,4,3,0,0,1,3,0,0,2,613
10001355,8,1,2,11:39,MD,10587,1,0,3,e,1,65,65,0,1,4,2,1,1,1,1,2,1,655
10001357,5,1,1,13:17,PA,11168,1,0,10,f,NA,46,46,0,2,7,1,1,1,2,0,2,2,656
10001358,7,1,3,12:59,WI,11169,2,1,15,d,NA,50,17,0,3,3,0,0,3,3,0,0,1,617
10001359,6,1,4,11:09,GA,11170,1,1,9,f,NA,59,35,0,3,11,1,1,2,2,1,2,1,684
10001361,4,1,2,19:38,WA,10462,1,0,6,f,3,60,60,0,3,15,1,0,3,3,1,2,4,617
10001366,5,1,1,12:12,IN,10882,1,1,19,d,3,75,75,0,2,1,0,0,1,2,0,0,1,586
10001369,7,1,0,16:01,FL,11058,2,1,7,h,3,58,55,1,4,1,1,0,4,3,1,2,3,674
10001370,6,1,4,09:44,NY,11067,2,1,13,d,1,59,57,1,4,15,1,1,4,3,1,0,4,648
10001371,8,1,3,10:15,AR,11176,1,0,15,e,NA,34,34,0,1,3,0,0,1,3,0,0,2,579
10001372,6,1,4,10:38,ID,11177,1,1,1,f,1,37,37,0,2,15,1,1,3,3,1,1,3,610
10001373,11,1,0,16:29,OH,11041,2,1,2,f,3,51,44,1,3,4,1,1,3,3,1,2,4,594
10001375,7,1,2,12:42,PA,10211,2,1,9,f,NA,26,25,1,3,1,1,1,1,1,1,2,1,691
10001376,6,1,1,14:13,NY,10069,1,1,3,e,1,75,75,0,3,5,1,1,3,3,0,0,2,647
10001379,4,1,3,09:38,FL,11182,1,1,3,d,3,57,57,0,1,10,1,1,1,3,1,2,4,638
10001380,9,1,1,08:58,FL,11183,3,1,10,e,1,45,16,1,3,15,0,0,3,3,0,0,4,625
10001381,8,1,4,13:51,NH,11184,1,1,7,d,4,55,55,0,1,2,1,0,2,2,0,2,2,586
10001382,10,1,3,14:54,NY,10549,1,0,1,g,1,75,67,1,4,4,2,1,4,3,1,0,4,622
10001385,7,1,2,13:26,IN,10983,1,1,18,e,1,27,27,0,3,9,0,0,3,3,0,0,2,567
10001386,8,1,0,16:51,WI,11125,1,0,11,d,NA,60,60,0,1,1,2,1,3,3,0,3,2,585
10001389,6,1,2,09:26,MO,11188,2,1,1,f,NA,59,58,1,1,12,1,0,2,3,1,1,4,692
10001390,7,1,1,16:05,TN,10761,1,1,14,f,3,57,57,0,3,1,0,1,3,3,0,0,2,581
10001391,6,1,3,13:03,IN,10430,1,1,9,f,3,29,29,0,2,0,1,1,2,2,0,2,3,675
10001395,4,1,0,12:17,NY,11191,1,1,8,h,1,63,62,1,4,15,1,0,4,3,0,0,1,619
10001396,8,1,0,15:19,NM,11192,3,0,17,e,NA,42,16,1,2,7,0,0,2,3,0,0,2,664
10001397,5,1,0,16:21,MS,11193,2,1,1,e,NA,67,66,1,3,5,1,0,3,3,0,2,2,666
10001398,8,1,0,11:54,IN,11194,1,0,15,d,3,22,22,0,1,3,0,1,2,2,0,0,1,586
10001401,6,1,1,15:16,CO,11197,1,1,15,f,2,61,61,0,3,3,0,1,2,3,0,0,1,545
10001403,6,1,4,13:26,IN,11199,1,1,8,g,3,26,26,0,2,2,1,0,2,2,0,2,1,626
10001405,11,1,4,15:30,FL,10818,1,0,2,h,4,53,53,0,3,15,1,1,1,3,1,1,3,672
10001407,6,1,2,14:12,NY,11200,1,1,1,f,2,36,36,0,4,15,1,1,4,3,0,0,2,622
10001408,5,1,3,13:08,MD,11201,1,0,18,e,3,44,44,0,1,1,0,0,1,1,0,0,2,667
10001409,5,1,4,12:39,MO,10646,1,1,7,h,3,26,26,0,4,3,1,1,4,3,1,2,2,622
10001412,10,1,0,11:33,TN,11203,1,1,11,e,NA,23,23,0,2,7,0,0,1,2,0,0,4,620
10001413,3,1,1,15:24,OK,10005,1,1,13,c,NA,51,51,0,1,15,0,0,1,2,0,0,3,568
10001416,6,1,4,15:20,CO,11206,1,1,9,f,NA,60,60,0,4,15,1,0,4,3,1,1,1,634
10001417,9,1,4,12:18,OR,11207,1,1,11,f,3,54,49,1,3,10,1,1,3,3,0,1,3,580
10001419,6,1,2,11:42,AR,11209,1,0,11,e,NA,49,49,0,2,3,0,0,1,1,0,0,2,580
10001420,8,1,4,06:56,MO,11210,1,0,1,f,4,25,25,0,4,1,1,0,3,3,0,2,2,613
10001421,9,1,3,11:39,FL,10805,1,1,3,e,2,72,72,0,1,15,2,1,1,3,1,3,3,593
10001422,8,1,0,13:06,MS,10428,1,0,14,c,NA,66,66,0,1,2,2,1,1,1,1,2,2,657
10001423,5,1,1,11:14,PA,11211,2,1,4,d,NA,25,23,0,1,3,1,1,1,2,1,2,2,689
10001424,11,1,0,18:34,PA,11213,1,0,10,g,NA,51,51,0,1,5,1,0,1,1,0,2,3,675
10001425,5,1,4,11:54,CO,11214,1,0,10,e,NA,39,39,0,1,0,1,1,1,3,1,2,2,657
10001427,3,1,3,08:49,FL,11216,2,1,10,g,1,63,53,1,4,1,1,0,4,3,1,1,3,591
10001428,7,1,2,16:31,OH,11217,1,0,15,d,3,21,21,0,2,3,0,1,1,3,0,0,3,624
10001429,4,1,2,13:04,TN,10756,2,0,13,d,4,43,18,0,3,5,0,1,3,2,0,0,2,655
10001431,9,1,4,11:26,MS,11219,1,1,7,e,NA,39,39,0,1,0,1,1,1,1,1,2,2,677
10001432,9,1,0,09:02,FL,11220,1,0,8,c,3,75,63,1,1,5,1,0,1,1,1,2,3,694
10001433,10,1,1,15:08,RI,11221,1,1,17,c,NA,69,69,0,1,1,0,0,1,1,0,0,1,630
10001434,5,1,2,08:18,FL,11222,2,1,3,g,1,73,66,1,3,9,1,1,3,3,1,2,3,578
10001435,9,1,2,11:55,NY,11223,1,0,3,e,2,30,30,0,3,8,1,0,3,3,0,0,2,594
10001436,5,1,0,15:41,PA,10769,1,0,4,e,NA,31,31,0,3,15,1,0,2,3,1,2,3,667
10001439,8,1,0,09:35,PA,11226,1,0,47,a,NA,29,29,0,3,7,0,0,3,3,0,2,2,675
10001443,5,1,2,15:12,PA,10359,1,0,8,e,3,56,56,0,1,3,1,0,1,1,1,2,2,617
10001444,10,1,2,14:27,OH,10339,1,1,1,f,NA,31,31,0,3,4,1,0,3,3,0,2,3,601
10001445,9,1,3,18:08,CO,10308,2,1,17,c,3,37,35,1,2,4,1,0,2,2,0,2,1,566
10001447,4,1,4,14:00,AL,11231,1,1,6,g,4,26,26,0,4,2,1,1,4,3,0,2,1,623
10001448,6,1,4,14:17,CT,11232,1,1,1,g,2,49,49,0,4,15,1,0,4,3,0,0,3,669
10001449,6,1,1,13:59,IN,10722,1,0,7,e,4,34,34,0,1,6,2,0,1,2,0,2,2,635
10001450,7,1,1,09:52,OK,11233,1,0,19,e,3,51,51,0,2,15,1,0,2,2,1,0,3,610
10001452,10,1,1,14:56,NV,11234,1,1,9,e,2,70,70,0,4,15,2,1,4,3,1,1,3,615
10001453,9,1,2,12:37,OH,10087,1,0,18,e,NA,21,21,0,3,5,0,0,3,3,0,0,3,559
10001455,7,1,4,13:24,NY,11235,1,1,7,d,1,60,60,0,2,15,1,1,4,3,1,0,2,686
10001456,4,1,4,15:13,PA,11236,1,0,11,c,NA,30,30,0,2,10,1,0,1,2,1,2,2,655
10001457,6,1,2,18:22,FL,11237,1,1,7,g,3,65,65,0,3,15,1,1,3,3,1,2,4,640
10001459,3,1,1,10:50,PA,10316,1,1,12,f,3,75,75,0,3,8,1,1,3,3,1,1,2,636
10001460,9,1,2,16:40,FL,11239,2,1,15,h,2,48,32,1,4,2,0,0,1,2,0,0,3,596
10001461,5,1,1,10:46,FL,11240,1,1,2,d,2,26,26,0,4,1,2,1,3,3,1,3,3,700
10001462,10,1,1,12:11,FL,11241,1,1,7,g,1,70,70,0,4,15,1,0,4,3,1,2,3,563
10001463,9,1,4,11:22,NM,10079,1,1,6,c,NA,58,58,0,1,1,2,0,1,1,0,3,1,665
10001464,9,1,3,14:00,FL,10024,1,0,9,f,1,39,39,0,2,5,1,1,2,3,1,1,4,620
10001467,9,1,2,16:37,FL,11244,1,0,6,d,3,59,59,0,1,15,1,0,1,3,1,2,4,661
10001468,7,1,4,14:07,FL,11245,1,0,7,d,1,37,37,0,1,4,1,0,1,2,1,2,3,630
10001470,6,1,6,14:50,FL,10793,1,1,1,g,3,44,44,0,2,6,1,1,1,3,1,2,3,648
10001472,8,1,4,18:13,AL,11248,1,0,1,d,NA,36,36,0,1,0,1,0,1,2,0,2,2,704
10001473,6,1,0,16:02,NY,11249,1,1,1,f,1,71,71,0,4,12,1,0,4,3,0,0,2,608
10001477,3,1,1,13:56,OH,11181,1,1,18,e,2,35,35,0,2,8,0,0,2,2,0,0,3,538
10001478,7,1,4,12:06,NY,10713,1,1,9,e,1,49,49,0,3,9,1,0,3,3,1,0,2,588
10001481,6,1,0,16:10,PA,11256,1,1,19,e,NA,41,41,0,3,14,0,0,3,3,0,0,1,555
10001486,9,1,1,17:22,CO,11258,1,0,6,e,NA,54,54,0,3,1,1,0,3,3,1,2,3,659
10001488,6,1,3,16:47,DE,11260,1,1,1,h,3,24,24,0,3,3,1,1,3,3,1,2,2,673
10001490,10,1,0,13:14,PA,11262,1,0,6,d,3,21,21,0,3,2,1,1,1,2,0,1,3,700
10001491,4,1,1,16:40,AL,11263,1,0,6,e,NA,25,25,0,3,8,2,1,1,1,0,2,2,653
10001492,6,1,1,14:57,OH,11264,1,1,1,e,NA,23,23,0,3,7,2,0,3,3,0,2,3,632
10001493,8,1,1,14:40,WA,11265,2,0,12,e,NA,33,31,1,3,2,1,0,3,3,0,1,1,648
10001494,9,1,3,13:40,WA,10123,2,1,5,g,3,41,37,1,3,6,1,1,3,3,1,1,4,624
10001495,5,1,1,17:37,OR,11266,1,1,14,e,4,59,59,0,2,15,1,0,2,2,0,2,3,587
10001496,6,1,2,13:25,WA,10270,1,1,4,g,NA,41,41,0,3,15,1,1,3,3,0,1,2,633
10001498,7,1,2,09:15,KY,11205,1,1,13,d,NA,46,46,0,1,15,0,0,1,1,0,0,2,603
10001499,6,1,3,13:50,PA,10318,1,0,9,g,3,23,23,0,2,6,1,0,2,2,1,2,1,704
10001500,6,1,4,11:22,AL,11268,2,1,2,e,NA,41,40,1,3,3,1,1,4,3,0,2,2,665
10001501,9,1,1,16:22,NY,11269,2,1,5,h,2,58,43,1,4,9,1,0,4,3,0,0,2,625
10001503,7,1,1,15:14,UT,10582,2,0,9,e,4,32,31,1,2,6,1,1,2,2,0,2,2,584
10001506,8,1,3,07:45,MD,11271,2,0,1,d,2,28,27,1,3,5,1,0,3,3,0,2,2,647
10001508,5,1,4,12:35,OK,11273,2,1,11,e,4,75,67,1,1,4,2,0,1,2,1,3,2,630
10001510,7,1,0,14:33,WI,10473,1,0,5,e,3,26,26,0,4,2,1,0,4,3,0,1,2,630
10001511,6,1,3,09:51,NY,11275,1,0,31,g,3,65,65,0,2,0,0,1,2,3,0,0,2,652
10001512,6,1,2,15:43,NY,10120,1,0,1,f,4,22,22,0,3,2,1,0,3,3,0,0,2,749
10001514,9,1,1,12:43,IN,11246,1,0,6,e,3,34,34,0,1,2,0,1,2,3,0,0,2,582
10001516,8,1,0,14:39,IN,11278,1,1,8,g,1,23,23,0,3,7,1,1,3,3,0,2,1,632
10001517,5,1,0,13:54,FL,11279,1,1,1,g,4,53,53,0,3,0,1,1,1,3,1,1,3,665
10001518,4,1,4,13:29,NY,11280,2,0,26,c,1,36,34,1,3,8,0,0,1,3,0,0,2,559
10001519,10,1,1,11:25,FL,11281,2,1,6,e,1,75,75,1,3,3,1,0,3,3,1,1,4,600
10001520,7,1,1,11:08,OH,10240,1,0,7,e,NA,27,27,0,2,12,1,1,2,3,0,1,3,648
10001522,5,1,2,09:54,NY,11283,1,1,1,f,2,30,30,0,3,10,1,1,3,3,1,0,2,667
10001524,6,1,2,15:56,WA,11285,1,1,5,f,2,62,62,0,2,0,1,1,2,3,0,1,4,595
10001526,8,1,2,11:07,FL,11286,2,1,6,g,1,66,39,0,2,15,1,1,2,3,1,2,4,623
10001527,6,1,0,12:36,AL,11287,1,1,5,f,2,23,23,0,3,8,1,1,3,3,1,2,2,642
10001528,4,1,2,13:58,NY,10666,1,1,8,e,1,66,66,0,3,6,1,0,3,2,0,0,2,611
10001529,6,1,3,10:29,AL,11288,3,1,9,f,4,53,26,1,3,4,1,1,3,3,0,1,2,646
10001531,3,1,0,11:08,CT,10247,1,0,3,e,NA,67,44,0,1,2,1,1,2,2,1,0,1,686
10001533,11,1,0,12:42,FL,10834,1,0,2,e,1,24,24,0,4,9,1,1,4,3,1,2,3,673
10001536,5,1,3,11:14,PA,11293,1,0,16,d,NA,45,45,0,2,5,1,0,2,2,0,1,3,712
10001537,8,1,0,14:18,IN,11294,1,1,11,e,4,68,68,0,1,1,1,1,1,3,1,2,1,650
10001539,5,1,4,10:47,IN,11296,1,0,7,e,3,32,32,0,2,7,2,1,2,2,0,3,2,662
10001540,8,1,3,12:35,KY,11297,1,0,7,f,NA,48,48,0,1,3,1,1,1,3,1,2,1,675
10001541,6,1,1,11:43,FL,10100,1,1,1,h,1,34,34,0,4,4,1,1,4,3,1,1,3,661
10001550,8,1,4,15:10,FL,11304,1,0,6,e,3,23,23,0,3,9,1,0,3,3,1,2,4,667
10001552,8,1,2,08:28,MD,10274,2,0,3,f,4,45,25,0,4,3,2,1,3,3,1,3,1,736
10001554,8,1,0,18:41,OR,11306,1,0,12,d,NA,26,26,0,1,0,1,0,1,2,0,2,1,654
10001556,8,1,4,14:44,MD,11307,1,1,5,e,1,75,75,0,1,1,1,0,3,3,1,2,1,731
10001557,8,1,4,13:03,NM,11308,2,1,12,e,1,75,75,1,2,9,1,1,2,3,0,2,3,603
10001558,6,1,2,13:24,OH,10450,2,1,1,f,NA,60,49,1,4,6,1,1,4,3,1,1,3,657
10001559,8,1,3,15:56,PA,11084,1,1,10,f,NA,47,40,0,1,8,1,0,3,3,0,2,2,608
10001561,4,1,4,13:21,NY,11309,1,0,7,g,2,25,25,0,4,6,1,0,2,3,0,0,2,664
10001562,9,1,4,11:55,CO,11310,1,1,8,d,NA,47,16,0,1,5,1,1,1,2,1,1,1,626
10001564,8,1,5,11:38,NY,10337,2,0,13,g,1,59,53,1,1,13,0,0,2,3,0,0,2,628
10001565,6,1,5,11:09,NY,11311,1,1,14,f,2,58,58,0,4,15,1,1,3,3,1,0,2,622
10001567,8,1,3,14:10,WA,11313,1,0,10,f,NA,30,30,0,4,4,2,0,4,3,1,3,1,645
10001570,4,1,3,14:11,FL,11315,1,0,3,f,1,75,75,0,2,15,1,0,2,2,0,1,3,667
10001571,10,1,4,17:53,SD,10998,2,0,8,e,NA,24,23,1,1,0,1,1,1,3,0,2,2,691
10001572,10,1,1,08:34,OH,10176,1,0,7,e,NA,30,30,0,1,9,1,1,1,1,1,2,3,674
10001573,8,1,2,14:48,CO,11316,1,0,7,f,NA,46,46,0,1,5,2,0,2,3,1,3,1,627
10001574,9,1,1,17:52,CO,10333,2,1,3,i,4,44,39,1,3,3,2,1,4,3,1,2,3,691
10001576,7,1,0,09:08,NY,11317,1,1,19,d,1,49,49,1,1,6,0,0,2,3,0,0,2,635
10001577,7,1,4,13:57,FL,11318,1,0,1,e,1,28,28,0,3,8,1,1,3,3,1,2,3,666
10001579,3,1,2,13:28,AR,11320,1,1,10,e,2,75,75,0,3,4,1,1,3,3,0,1,2,624
10001580,6,1,1,09:00,ME,11321,1,1,11,g,NA,40,38,1,1,0,0,0,2,3,0,0,1,610
10001584,7,1,4,10:31,OK,11323,1,0,13,f,NA,24,24,0,4,4,2,1,2,3,1,3,1,618
10001588,6,1,3,15:08,MD,11196,1,0,10,e,4,64,57,1,2,2,1,1,2,2,1,2,4,702
10001589,5,1,3,15:25,NY,11326,1,0,17,e,1,29,29,0,4,6,0,1,4,3,0,0,2,608
10001590,5,1,2,12:56,IN,11327,1,1,21,g,3,57,57,0,3,2,0,0,2,2,0,0,1,550
10001594,6,1,4,15:16,NY,11329,1,0,7,g,1,35,35,0,4,10,1,0,3,3,1,0,2,660